:020000040800F2
:10000000F85F002415040008B97E00082376000874
:10001000B57E00082F170008999200080000000024
:100020000000000000000000000000005103000874
:10003000291D000800000000AD03000875820008BB
:1000400033040008330400083304000833040008B4
:1000500033040008330400083304000833040008A4
:100060003304000833040008330400083D17000877
:100070004D1700085D1700086D17000833040008CD
:100080003304000833040008330400083304000874
:100090003304000833040008330400083304000864
:1000A0003304000833040008330400083304000854
:1000B0003304000833040008330400083304000844
:1000C0003304000833040008330400083304000834
:1000D000330400087992000889920008330400086C
:1000E0003304000833040008000000003304000853
:1000F0003304000833040008330400083304000804
:10010000330400083304000859840008330400084D
:1001100033040008330400083304000833040008E3
:1001200033040008330400083304000833040008D3
:1001300033040008330400083304000833040008C3
:1001400000000000000000000000000000000000AF
:1001500033040008330400083304000833040008A3
:100160003304000833040008330400083304000893
:100170003304000833040008330400083304000883
:100180003304000833040008330400083304000873
:100190003304000833040008330400083304000863
:1001A0003304000833040008330400083304000853
:1001B0003304000833040008330400083304000843
:1001C0003304000833040008330400083304000833
:1001D00033040008330400087D17000833040008C6
:1001E0003304000833040008330400083304000813
:1001F0003304000833040008330400083304000803
:1002000033040008330400083304000833040008F2
:10021000330400083304000849840008330400084C
:100220003304000833040008330400080000000011
:100230003304000833040008000000003304000801
:1002400033040008330400083304000833040008B2
:1002500033040008330400083304000833040008A2
:100260003304000833040008330400083304000892
:1002700033040008330400083304000800000000C1
:1002800033040008330400083304000800000000B1
:10029000000000003304000800F002F800F049F804
:1002A0000AA090E8000C82448344AAF10107DA45D1
:1002B00001D100F03EF8AFF2090EBAE80F0013F0DA
:1002C000010F18BFFB1A43F001031847C49E00003A
:1002D000E49E0000103A24BF78C878C1FAD85207CB
:1002E00024BF30C830C144BF04680C6070470000B0
:1002F0000023002400250026103A28BF78C1FBD82F
:10030000520728BF30C148BF0B607047662909F00B
:10031000D286002070471FB509F0C8FE00F0BEFC71
:1003200004000020002109F0ABFEE0601FBD10B505
:1003300010BD00F0CBFD1146FFF7EDFF09F00EF800
:1003400000F0E9FD03B4FFF7F2FF03BC00F020FE6C
:100350002D4B19680868B0E8F04F80F30988BFF3A7
:100360006F8F4FF0000080F311887047000000008D
:1003700008480068006880F308884FF0000080F3A8
:10038000148862B661B6BFF34F8FBFF36F8F00DF83
:1003900000BF00BF08ED00E0DFF80C00016841F489
:1003A00070010160704700BF88ED00E0EFF3098045
:1003B000BFF36F8F144B1A681EF0100F08BF20EDAB
:1003C000108A20E9F04F106009B44FF0500072B667
:1003D00080F31188BFF34F8FBFF36F8F62B609F0C0
:1003E000D9FB4FF0000080F3118809BC1968086838
:1003F000B0E8F04F1EF0100F08BFB0EC108A80F389
:100400000988BFF36F8F704714000024EFF3058055
:10041000704700000A4880470A4880470A4800475A
:10042000FEE7FEE7FEE7FEE7FEE7FEE7FEE7FEE7A4
:10043000FEE7FEE705480649064A074B70470000FD
:10044000311D00085583000899020008F85900245E
:10045000F85F0024F85B0024F85B002453EA020CE8
:1004600000F069802DE9F04B4FF00006002B1FBF14
:10047000B3FA83F503FA05F424FA05F65E4012BFD9
:100480001643B2FA82F502FA05F4C5F120051EBF43
:1004900022FA05FC44EA0C04203556EA044C4FEAE3
:1004A000144418BF641C4FF000084FF0000990423C
:1004B00071EB030C39D3002919BFB1FA81F701FAA6
:1004C00007F6B0FA80F700FA07F6C7F120071EBF5B
:1004D00020FA07FC46EA0C062037B6FBF4FCA7EB33
:1004E0000507103F07F01F0BCBF120060CFA0BFBA2
:1004F0002CFA06F644BFB3460026202FA4BF5E4662
:100500004FF0000B5BEA060C08BF4FF0010B19EB34
:100510000B09ABFB027C48EB0608C01B06FB02CCB8
:100520000BFB03CC71EB0C01C1E70B4602464146C5
:100530004846BDE8F08B13B54FF000004FF00001C6
:10054000AFF30080BDE81C40704700000FB40449C1
:1005500010B503AA029800F05DFB10BC5DF814FB17
:10056000900000242DE9F0474FF0000A8946044628
:10057000C0F820A02046E1688847002876D02528CA
:1005800006D0D4E901219047206A401C2062F1E79F
:10059000E168204600268847C4F81CA005460027CD
:1005A000C4F818A02A2D09D0284608F0ABFE38B3AD
:1005B00004EB8708303DC8F8185019E059F8041BBF
:1005C000204604EB87029161E1688847012F0546C8
:1005D00018D1E069002820DA26F020061DE0D8F8BE
:1005E000180000EB800005EB40003038C8F8180018
:1005F0002046E1688847054608F084FE0028EED1D1
:10060000012F0AD02E2D08D12046E16888477F1C93
:100610000546022F46F02006C4DBA069002803DA55
:10062000404246F00106A061F00701D026F0100616
:100630006C2D0AD0682D08D04C2D39D06A2D35D0BC
:10064000742D35D07A2D33D016E0E1682F46204640
:100650008847B84205460AD16C2F27D04FF48060F6
:10066000E168064320468847054605E027E06C2FF1
:100670001AD04FF4807006430DB3A5F1410019283C
:1006800002D8203546F400664A46294620462660B0
:100690004E46FFF73BFE80B101280BD0F61D26F039
:1006A000070000F1080965E74020E4E78020D7E76C
:1006B0000020D5E706F104095CE7284661E7206AD7
:1006C000BDE8F087032A40F2308010F0030C00F000
:1006D000158011F8013BBCF1020F624498BF11F87C
:1006E00001CB00F8013B38BF11F8013BA2F1040235
:1006F00098BF00F801CB38BF00F8013B11F00303AD
:1007000000F09A82083AC0F0088051F8043B083A99
:1007100051F804CBA0E80810F5E7121D5CBF51F8B2
:10072000043B40F8043BAFF30080D20724BF11F82C
:10073000013B11F801CB48BF11F8012B24BF00F891
:10074000013B00F801CB48BF00F8012B704702F0D5
:10075000FF0343EA032242EA024200F002B84FF0EC
:1007600000020429C0F0128010F0030C00F01B807E
:10077000CCF1040CBCF1020F18BF00F8012BA8BF8C
:1007800020F8022BA1EB0C0100F00DB85FEAC17C50
:1007900024BF00F8012B00F8012B48BF00F8012B03
:1007A00070474FF0000200B5134694469646203934
:1007B00022BFA0E80C50A0E80C50B1F12001BFF41A
:1007C000F7AF090728BFA0E80C5048BF0CC05DF880
:1007D00004EB890028BF40F8042B08BF704748BFCE
:1007E00020F8022B11F0804F18BF00F8012B704742
:1007F00070477047704770472DE9FF4F0C461E4603
:100800004FF0FF378BB0D2E90001DDF860800A902D
:100810008A46C1F30A5505B93D46002108464FF006
:100820000000BAF1000F00F4400005DA00EB800090
:100830004FF4400101EA50004FEA9059B9F1010F1D
:1008400000DDB9460A9850EA4A000ED044F610502E
:10085000A5F2FF3545432F14B8F1000F1ED07542A5
:10086000291E1EDDC9F100021CE0B8F1010F4FF096
:10087000000001D0302103E0F24305E02154401C88
:10088000B042FBDB30460022002121540B99C1F815
:100890000880C1E900200FB0BDE8F08FBD1B6D1CC2
:1008A000DEE74A4600DA694206A800F099FA06AB8C
:1008B00093E8070003AB83E8070050460A9900F06D
:1008C0006EFB8DE80700A0F500501F3800900398DC
:1008D000002D0ADD42F21F014A460844002303A905
:1008E0000390684600F0D7FD09E0A0F500504A46A5
:1008F0001F38002303A90390684600F0E1FD8DE84E
:1009000007000004000C03D04FF0FF30410800E066
:100910001046B8F1000F03D00022009215461EE0E9
:10092000751E05D400F0BEF9303262556D1EF9D542
:10093000B3460122084302D000227F1C04E0207845
:10094000302801D100227F1E002A099784D01DE0A3
:10095000112D07DA00F0A6F9303262556D1C50EA0D
:100960000102F5D1084302D00098C8B10EE0002181
:10097000681E05E0235C625C63542254401E491CDF
:100980008142F7DBAB46A81B401E0990002004F80B
:100990000B000B98099AC0F80880C0E9002B7AE791
:1009A00011264FF0000857E72DE9F04F884604461E
:1009B000D21D22F0070191B0D1E90001CDE90A0171
:1009C00008F06CFC02460B98C00F01D02D2007E008
:1009D0002068810701D52B2002E0202101EAC00018
:1009E000032A099001D0072A05DB03464146204629
:1009F00000F0B6F90BE12078800601D5E06900E04F
:100A00000620B8F1650F814606D0B8F1660F18D000
:100A1000B8F1670F70D131E00020B9F1110F0090EB
:100A200001DB112301E009F101030AAA01A90CA8C5
:100A3000FFF7E2FEDDE90C70002609F101058346AF
:100A400047E001204B4600904FF000470AAA01A959
:100A50000CA8FFF7D1FEDDE90DB00C995D4600262C
:100A600010B909F101000D18B9EB050003D4C0F16C
:100A7000FF3609F10105A5EB09002BE0B9F1010FE3
:100A800001DA4FF001090020B9F1110F009048463A
:100A900001DD112300E003460AAA01A90CA8FFF713
:100AA000ABFEDDE90C704D4600268346207800073A
:100AB0000AD4AB4500DA5D4601A8012D04DD4119D9
:100AC00011F8011C302907D04F4502DA17F1040F45
:100AD00004DA012082460FE06D1EEEE7002F02DCF3
:100AE000ED1B3E4403E0781CA84200DD7D1CB81BD2
:100AF00000F1010A4FF000472078000703D4AA450F
:100B000001DB4FF0FF3A0021B7F1004F0DF1430830
:100B10008DF8431024D002202B23002F01DA7F42CE
:100B20002D230A21021EA0F1010000DC5FB197FB1A
:100B3000F1FC97FBF1F201FB1C7C17460CF1300C29
:100B400008F801CDEEE7A8F101000370218809053E
:100B500001D5452100E06521A0F1010800F8011C44
:100B600009980FA9A1EB0807FF1D00B10120411949
:100B700001EBEA70A1693844081A401EA061207890
:100B8000C00602D42046AFF30080099828B1D4E90A
:100B900001219047206A401C20622078C00622D59F
:100BA0002046AFF300801EE0002E04DBB34502DDDB
:100BB00001A8805D00E03020D4E901219047206A3F
:100BC000401C2062761CAAF101005FEA000A0AD1EB
:100BD00000F064F8C0680168405CD4E901219047E6
:100BE000206A401C2062281EA5F10105DCDC07E01C
:100BF000D4E9012118F8010B9047206A401C2062BB
:100C0000381EA7F10107F3DC2046AFF30080032074
:100C100011B041E6074B70B50D467B4400F08DF8EE
:100C20000446284608F089FB10B14FF0FF3070BD34
:100C3000204670BD2387000010B5203AC0F00B801D
:100C4000B1E81850203AA0E81850B1E81850A0E8D0
:100C50001850BFF4F5AF5FEA027C24BFB1E818502A
:100C6000A0E8185044BF18C918C0BDE810405FEA9A
:100C7000827C24BF51F8043B40F8043B08BF704716
:100C8000D20728BF31F8023B48BF11F8012B28BF1B
:100C900020F8023B48BF00F8012B7047004870471E
:100CA000B859002430B5B0F10A024FEA900E71F144
:100CB00000034EEA817EB0EB0E0061EB91014FEA3A
:100CC000101E4EEA017E10EB0E0041EB11114FEAAF
:100CD000102E4EEA016E10EB0E0041EB11214FEA8F
:100CE000104E4EEA014E10EB0E0041EB1141401840
:100CF00041F100014FEAD00040EA41704FEAD101D2
:100D000010EB80054FEA810444EA907444EB01043F
:100D10006D1944EB0404521BA3414FF0000348BF7C
:100D20000A3200D530BD401C41F1000130BD000049
:100D300001694A1C02610878704700B58FB0CDE99F
:100D400001310021059105497944CDE9031011468F
:100D50006846FFF707FC0FB000BD0000E5FFFFFF8E
:100D60002DE9F0411F46044603260168072A01F4D5
:100D7000006004DB08B116A505E016A503E008B184
:100D800015A500E015A521F010002060A069C01E87
:100D9000A0610FB1401EA0612046AFF300804FB1AB
:100DA000D4E9012138469047206A401C2062C01CCB
:100DB000206206E0206AFAE7D4E9012115F8010B68
:100DC0009047761EF8D22046AFF30080BDE8F08150
:100DD0004E414E006E616E00494E4600696E6600DF
:100DE0002DE9F047814616468AB0354878440DC84B
:100DF0008DE80D0032487844801C03AC0DC884E8AF
:100E00000D0041F69B300844372190FBF1F290FB36
:100E1000F1F5A5F1800501FB12041B3C02D56442EB
:100E2000012000E00020DFF898A080460027FA4467
:100E3000AAF1BE0A0EE0E0070AD03246684607EB88
:100E4000470101230AEB810100F03AFB8DE807001E
:100E500064107F1C002CEED1194F7F44AE3F19E087
:100E6000E80715D007EB04100DF1180A90E80E0002
:100E70008AE80E00C068F04201D198190890324605
:100E8000012306A903A800F01BFB03AB83E80700BE
:100E90006D10641C002DE3D14FF00103324669460A
:100EA000B8F1000F03A802D000F0F5FA01E000F05D
:100EB00007FBC9E90001C9F808200AB0BDE8F087BE
:100EC0008893000000487047985900247546FFF742
:100ED000F9FFAE4605006946534620F007008546F7
:100EE00018B020B5FFF7A6FABDE820404FF0000685
:100EF0004FF000074FF000084FF0000B21F0070102
:100F0000AC46ACE8C009ACE8C009ACE8C009ACE844
:100F1000C0098D46704710B50446AFF300802046E7
:100F2000BDE81040FFF70EBA4FF0013C50F8042B1B
:100F300051F8043B9A4215D1A2EB0C03934313EAF8
:100F4000CC130BD150F8042B51F8043B9A4209D131
:100F5000A2EB0C03934313EACC13E7D04FF000004D
:100F6000704700BFD01A01BAB1FA81F101F018013F
:100F700022FA01F0CB40C1F12001DBB2C0B2C01AAD
:100F80002CFA01F3D11A914311EAC311E6D170474B
:100F900001491820ABBEFEE72600020070475FEA59
:100FA000400C08BF91F0000F4FEA8C234FEAC1229A
:100FB00043EA51514FEA1C5018BF00F5F0404FEA88
:100FC000300018BF41F000415FEA6C5C00F02980FE
:100FD000BCF1FF3F08BF40F080407047130C06BFD4
:100FE00012044FF0100C4FF0000C130E04BF12024D
:100FF0000CF1080C130F04BF12010CF1040C930F39
:1010000004BF92000CF1020CD30F04BF52000CF18C
:10101000010C11464FF00002A0F11F00A0EB0C00E4
:10102000704711F0004F08BF704731F000413FF4A6
:10103000D5AF0B0C06BF09044FF0100C4FF0000C9D
:101040000B0E04BF09020CF1080C0B0F04BF0901C1
:101050000CF1040C8B0F04BF89000CF1020CCB0FB8
:1010600004BF49000CF1010CCCF12003A0EB0C00F3
:1010700022FA03F302FA0CF241EA030100F1010043
:10108000704720F07F4C80EA030023F07F47ACEBF1
:10109000070303F57C5300F0004003F1FF032DE943
:1010A00080494FEA154B09B44FEA144325EA0B4E29
:1010B00024EA03480FF2042606EB132749083E787A
:1010C0005FEA320203FB0667C7F5000707FB06F677
:1010D0004FEA54374FEAD64606F1020607FB066C84
:1010E000CCF1005C4FEA1C472CEA074C07FB06F4E6
:1010F0000CFB06F504EB15464FEA961634BF0020AC
:101100004FF000404FEAD13706FB07FC4FEA1C4C7A
:101110000CFB0BF7D21B03FB0CF761EB07010CFB7D
:101120000EF7B0EB074072EB17420CFB08F734BF29
:10113000A2EB0742B2EB074261EB17414FEA0C44C6
:101140004FEA910706FB07FC4FEA1C4C0CFB0BF720
:10115000B0EBC74072EB573203FB0CF734BFA2EB86
:10116000C742B2EBC74261EB57310CFB0EF7B0EB55
:10117000C70072EB57720CFB08F734BFA2EBC70233
:10118000B2EBC70261EB5771039F4FEA816141EAFD
:10119000921104EBCC044FEAD1374FEA826206FB8E
:1011A00007FC42EA90124FEA80604FEA1C4C0CFBAD
:1011B0000BF7D21B03FB0CF761EB07010CFB0EF7DF
:1011C000B0EB074072EB17420CFB08F734BFA2EB01
:1011D0000742B2EB074261EB17414FEA8C554FEAE9
:1011E000910704EB9C2406FB07FC4FEA1C4C0CFB0C
:1011F0000BF7B0EBC74072EB573203FB0CF734BF71
:10120000A2EBC742B2EBC74261EB57310CFB0EF7C2
:10121000B0EBC70072EB57720CFB08F734BFA2EBC0
:10122000C702B2EBC70261EB577115EB4C254FEAD1
:10123000816141EA92114FEA82624FEAD13742EA74
:10124000901206FB07FC44F100044FEA80604FEA6D
:101250001C4C0CFB0BF7D21B03FB0CF761EB0701DB
:101260000CFB0EF7B0EB074072EB17420CFB08F7D4
:1012700034BFA2EB0742B2EB074261EB174115EB1B
:101280001C154FEA813141EA92414FEA823242EA2B
:1012900090424FEA80304FEA0C7644F1000448EA6D
:1012A00003434EEA0B484FF0000EB2EB080C71EB13
:1012B000030724BF624639464EEB0E0E4FF0000B7B
:1012C0000018524149414BEB0B0BB2EB080C71EB90
:1012D00003077BF1000B24BF624639464EEB0E0E2E
:1012E0004FF0000B0018524149414BEB0B0BB2EB96
:1012F000080C71EB03077BF1000B24BF62463946F3
:101300004EEB0E0E51EA020718BF46F0010616EB2F
:101310000E7655F1000254F1000103D5BDE88901B4
:10132000BDE80088BDE88901BDE80048B619524112
:1013300041EB0101A3F10103704780807F7E7D7C3A
:101340007B7A7978777676757473727171706F6E57
:101350006E6D6C6C6B6A6A69686867666665646402
:10136000636362616160605F5F5E5E5D5D5C5C5B8C
:101370005B5A5A59595858575756565555555454FB
:10138000535352525251515050504F4F4F4E4E4D59
:101390004D4D4C4C4C4B4B4B4A4A4A4949494848A5
:1013A00048474747474646464545454444444443E5
:1013B00043434342424242414141002B9C4630D488
:1013C00077002BD01CB54FEA370703B44FF010005D
:1013D0004FF01001BAF1000F06D0BCF1000FDCBFD6
:1013E00040F0080040F008014FF000000FBCBDE8DD
:1013F00010400BF1010BBBF1010F08BF5FEA1707AB
:1014000022BF12F1010211F101014FF0004143F13D
:10141000000300F0004043EA00007047F9D357088A
:10142000D0E746EA064613F1400F4FEA16461FDDA5
:1014300013F1200FDFBF16430A46002120335B4221
:10144000BED0C3F1200746EA064602FA07F74FEA84
:10145000164646EA0706C3F1200722FA03F201FA0C
:1014600007F721FA03F14FF0000342EA0702A7E76A
:1014700046EA020646EA06464FEA164646EA0106EC
:10148000BCBF46EA0646360C4FF000034FF00002A0
:101490004FF0000194E72DE9804C9A46934670B4D2
:1014A00091E8380007C831EA400C48BF34EA430CE1
:1014B00003D5FFF7E6FDFFF780FFF0BCBDE8008C29
:1014C0002DE9804C9A46934670B491E8380007C8DD
:1014D00010F0804F08BF13F0804F03D100F005F8E3
:1014E000FFF76BFFF0BCBDE8008C20F07F4780EA7F
:1014F000030023F07F4C07EB0C03A3F57C5300F0B3
:101500000040A3F1FE0392F0000F00F0B38095F0CD
:10151000000F00F077802DE901494FEA11404FEAB2
:10152000144621EA004800FB06FC24EA064708FBB3
:1015300006F607FB08F800FB07F718EB06484CEB2C
:10154000164C4FEA124B18EB07484FEA15464CEB86
:10155000174022EA0B4E0BFB06FC25EA06470EFB62
:1015600006F607FB0EFE0BFB07F71EEB064E4CEBD9
:10157000164C4FF000061EEB074E4CEB174B18EBCA
:101580000B0840F1000018EB0E0B58EB000840F17F
:1015900000008F1A4FF000013CBFC943661B14BF07
:1015A000B5EB040C00213CBFC943F61B4FEA1744BE
:1015B0004EEA8E0E27EA04454FEA1C4704FB0762F9
:1015C0002CEA074C05FB07F70CFB05F604FB0CFCAB
:1015D00016EB074642EB174216EB0C4642EB1C4259
:1015E0001BEB060658EB0202414146EA9E0601D576
:1015F000BDE80189B619524141EB0101A3F1010394
:10160000BDE801894FEA14454FEA114724EA05462F
:1016100021EA074C05FB07F406FB07F70CFB06F174
:1016200005FB0CFC11EB074144EB17444FEA124752
:1016300011EB0C4144EB1C4422EA074C05FB07F27A
:1016400006FB07F70CFB06F605FB0CFC16EB074642
:1016500042EB174216EB0C4642EB1C456A1854F15C
:10166000000148BF7047B619524141EB0101A3F197
:101670000103704795F0000F37D04FEA11424FEA4F
:10168000144721EA024624EA074C02FB07F106FB55
:1016900007F70CFB06F402FB0CFC14EB074441EBD0
:1016A00017414FEA154714EB0C4441EB1C4125EA66
:1016B000074C02FB07F506FB07F70CFB06F602FBDF
:1016C0000CFC16EB074645EB174516EB0C4645EBB5
:1016D0001C42121951F1000148BF7047B61952411E
:1016E00041EB0101A3F1010370474FEA14454FEAB2
:1016F000114724EA054621EA074C05FB07F106FBE2
:1017000007F70CFB06F24FF0000605FB0CFC12EB92
:10171000074241EB174112EB0C4251EB1C4148BF11
:101720007047921841EB0101A3F10103704700BF1C
:10173000FEE702E0642008F069F9FBE710B5024813
:1017400000F0BEFF10BD0000DC56002410B50248BA
:1017500000F0B6FF10BD00005457002410B5024839
:1017600000F0AEFF10BD0000CC57002410B50248B9
:1017700000F0A6FF10BD0000645600247047000072
:101780000146374A0868904249D0354A18320868FD
:10179000904244D0324A3032086890423FD0304ABA
:1017A0004832086890423AD02D4A60320868904228
:1017B00035D02B4A78320868904230D0284A90328F
:1017C000086890422BD0264AA8320868904226D05A
:1017D000244A0868904222D0224A1832086890426F
:1017E0001DD0204A30320868904218D01D4A483235
:1017F0000868904213D01B4A6032086890420ED0AD
:10180000184A78320868904209D0164A903208681F
:10181000904204D0134AA8320868904201D10120B6
:1018200000E00020B0B10A78103A1823B2FBF3F0C0
:1018300000F007020C4B9A5CCA65032805D90A68B8
:101840006FF30902121D8A6503E00A686FF309024B
:101850008A6503E0086820F0FF008865886D70479E
:101860001000024010040240BAA0000810B502683F
:101870002B4C0368A34222D0294C14340368A342A2
:101880001DD0274C28340368A34218D0244C3C3484
:101890000368A34213D0224C50340368A3420ED0F5
:1018A0001F4C64340368A34209D01D4C783403688C
:1018B000A34204D01A4C8C340368A34201D1012303
:1018C00000E000238BB10378083B1424B3FBF4F150
:1018D000144B03EB81030366124B8033436601F024
:1018E0001F040123A340836618E00378103B1824EB
:1018F000B3FBF4F10C4B9A4204D80B4BA83B9A4231
:1019000000D30831094B03EB81030366074B803397
:10191000436601F01F040123A340836610BD00004D
:101920000854025800580258B80402400008024007
:101930000179A9B3082940D8204B02689A4222D0E5
:101940001E4B143302689A421DD01C4B2833026888
:101950009A4218D0194B3C3302689A4213D0174B65
:10196000503302689A420ED0144B643302689A4294
:1019700009D0124B783302689A4204D00F4B8C3353
:1019800002689A4201D1012200E000224AB14A1EB7
:101990000B4B03EB8202C266094A4032026708E041
:1019A0000BE04A1E074B03EB8202C266054A403237
:1019B00002674A1E01239340436770470854025848
:1019C0000059025800090240014600208A69D2B934
:1019D0008A6A32B1012A0DD0022A03D0032A10D11B
:1019E0000EE000BFCA6A02F08072B2F1807F00D1BF
:1019F000012007E0CA6AB2F1C07F00D1012001E0F6
:101A000000E000BF36E08A69B2F5005F1BD18A6A48
:101A100032B1012A07D0022A03D0032A11D10AE0E9
:101A200000BF01200EE0CA6A02F08072B2F1807F2E
:101A300000D1012006E0CA6AB2F1C07F00D10120C6
:101A400000E000BF16E08A6A32B1012A05D0022AFE
:101A500004D0032A0CD103E000BF00BF012008E03E
:101A6000CA6A02F08072B2F1807F00D1012000E0EA
:101A700000BF00BF70470000F0B5856D846D984FC2
:101A80000668BE4270D0964F18370668BE426BD0CB
:101A9000934F30370668BE4266D0914F483706688C
:101AA000BE4261D08E4F60370668BE425CD08C4F1C
:101AB00078370668BE4257D0894F90370668BE42D5
:101AC00052D0874FA8370668BE424DD0854F066872
:101AD000BE4249D0834F18370668BE4244D0814F7A
:101AE00030370668BE423FD07E4F48370668BE4258
:101AF0003AD07C4F60370668BE4235D0794F783790
:101B00000668BE4230D0774F90370668BE422BD071
:101B1000744FA8370668BE4226D0734F0668BE428F
:101B200022D0714F14370668BE421DD06E4F283741
:101B30000668BE4218D06C4F3C370668BE4213D0D0
:101B4000694F50370668BE420ED0674F643706684B
:101B5000BE4209D0644F78370668BE4204D0624F57
:101B60008C370668BE4201D1012600E000263EB156
:101B7000D0E919767E60C66E16B1D0E91C767E601B
:101B8000574F0668BE4249D0554F18370668BE42C7
:101B900044D0534F30370668BE423FD0504F48378D
:101BA0000668BE423AD04E4F60370668BE4235D016
:101BB0004B4F78370668BE4230D0494F90370668A1
:101BC000BE422BD0464FA8370668BE4226D0454FAE
:101BD0000668BE4222D0434F18370668BE421DD069
:101BE000404F30370668BE4218D03E4F483706682F
:101BF000BE4213D03B4F60370668BE420ED0394F0D
:101C000078370668BE4209D0364F90370668BE4224
:101C100004D0344FA8370668BE4201D1012600E047
:101C20000026DEB190F85C6006F01F073F26BE403C
:101C3000AE600668366826F4802607683E6006684F
:101C400073608668402E04D10668B2600668F16051
:101C500044E00668B1600668F2603FE0224F066823
:101C6000BE4222D0204F14370668BE421DD01E4F00
:101C700028370668BE4218D01B4F3C370668BE4264
:101C800013D0194F50370668BE420ED0164F643736
:101C90000668BE4209D0144F78370668BE4204D0A9
:101CA000114F8C370668BE4201D1012600E00026A4
:101CB000A6B190F85C6006F01F070126BE40666082
:101CC000066873608668402E04D10668B2600668B4
:101CD000F16003E00668B1600668F260F0BD0000E4
:101CE00010000240100402400854025808B508F0E1
:101CF0008FF8009010E0094805F096FC074890ED39
:101D0000161BB0EE410B53EC102B05A0FEF71EFC8A
:101D10000A21684608F01CF8EDE700003859002455
:101D2000252E316C660D0A00704772B600BFFEE7C3
:101D30000548016841F00201016003480838016864
:101D40008904FCD5704700000C4802582DE9F04F7B
:101D500087B00446002600200690002705908046A4
:101D6000049081460390002500BF35E0215C0A29DC
:101D700000D10125215C752903D1012D01D1411C20
:101D8000CEB2215C642906D1012D04D1411EC9B215
:101D90000691411CCFB2215C782907D1012D05D1D4
:101DA000411EC9B20591411C01F0FF08215C79294F
:101DB00007D1012D05D1411EC9B20491411C01F08A
:101DC000FF09215C212905D1012D03D1411EC9B292
:101DD000039103E0411CC8B2C828C7DB00BF0698C6
:101DE000801B401C00F0FF0A0598C01B401C00F03F
:101DF000FF0B0498A0EB0800401CC0B202900398AF
:101E0000A0EB0900401CC0B201902246314650466A
:101E100007F07FFA0C49088022463946584607F0F9
:101E200078FA0949488022464146029807F071FA3B
:101E30000549888022464946019807F06AFA024916
:101E4000C88007B0BDE8F08F880000242DE9F0417C
:101E5000044601F03BFF804614B90120BDE8F08143
:101E600094F83500022808D08020606500BF00206B
:101E700084F8340000BF0120F0E7FE492068884262
:101E800049D0FC4918312068884244D0F9493031A2
:101E9000206888423FD0F7494831206888423AD0CC
:101EA000F44960312068884235D0F24978312068A1
:101EB000884230D0EF499031206888422BD0ED49DC
:101EC000A8312068884226D0EB492068884222D079
:101ED000E9491831206888421DD0E749303120682F
:101EE000884218D0E44948312068884213D0E2493A
:101EF0006031206888420ED0DF49783120688842FE
:101F000009D0DD4990312068884204D0DA49A831EF
:101F10002068884201D1012000E0002068B12068DB
:101F2000006820F01E00216808602068406920F0E9
:101F3000800021684861256806E02068006820F07C
:101F40000E00216808602568CA492068884270D060
:101F5000C8491831206888426BD0C64930312068A2
:101F6000884266D0C34948312068884261D0C1495F
:101F70006031206888425CD0BE4978312068884250
:101F800057D0BC4990312068884252D0B949A83115
:101F9000206888424DD0B8492068884249D0B64967
:101FA00018312068884244D0B349303120688842D3
:101FB0003FD0B1494831206888423AD0AE496031BB
:101FC0002068884235D0AC4978312068884230D0CA
:101FD000A9499031206888422BD0A749A8312068B0
:101FE000884226D0A5492068884222D0A3491431CE
:101FF000206888421DD0A14928312068884218D025
:102000009E493C312068884213D09C495031206859
:1020100088420ED0994964312068884209D0974996
:1020200078312068884204D094498C3120688842F5
:1020300001D1012000E0002028B1206E006820F4CA
:102040008070216E08608B492068884249D0894998
:1020500018312068884244D086493031206888424F
:102060003FD084494831206888423AD08149603164
:102070002068884235D07F4978312068884230D046
:102080007C499031206888422BD07A49A831206859
:10209000884226D078492068884222D07649183173
:1020A000206888421DD0744930312068884218D099
:1020B000714948312068884213D06F4960312068E7
:1020C00088420ED06C4978312068884209D06A492C
:1020D00090312068884204D06749A831206888423E
:1020E00006D12068006820F001002168086005E042
:1020F0002068006820F001002168086011E001F00C
:10210000E5FDA0EB080005280BD920206065032021
:1021100084F8350000BF002084F8340000BF01209F
:102120009CE6286800F001000028E8D151492068A9
:10213000884249D04F4918312068884244D04D49DF
:102140003031206888423FD04A494831206888426F
:102150003AD0484960312068884235D045497831C5
:102160002068884230D043499031206888422BD083
:102170004049A8312068884226D03F4920688842DB
:1021800022D03D491831206888421DD03A4930316B
:102190002068884218D0384948312068884213D0D6
:1021A00035496031206888420ED033497831206843
:1021B000884209D0304990312068884204D02E49A5
:1021C000A8312068884201D1012000E0002040B100
:1021D000A66D94F85C0000F01F013F208840B060BD
:1021E00007E0A76D94F85C0000F01F010120884013
:1021F000786020492068884276D01E4918312068CE
:10220000884271D01B493031206888426CD019490E
:1022100048312068884267D016496031206888427A
:1022200062D014497831206888425DD011499031DC
:102230002068884258D00F49A8312068884253D07E
:102240000D49206888424FD00B49183120688842D8
:102250004AD0094930312068884245D00649483182
:102260002068884240D004496031206888423BD0D1
:10227000014905E0100002401004024008540258D1
:102280007831206888422FD02549206888422BD099
:10229000234918312068884226D022492068884284
:1022A00022D020491431206888421DD01D49283190
:1022B0002068884218D01B493C312068884213D0DE
:1022C00018495031206888420ED016496431206880
:1022D000884209D0134978312068884204D01149D6
:1022E0008C312068884201D1012000E0002068B1D3
:1022F000D4E919104860E06E40B1E06E006820F447
:102300008070E16E0860D4E91C104860012084F8F8
:10231000350000BF002084F8340000BF00BF9DE5F9
:10232000A00402400854025870B504460CB90120BC
:1023300070BD94F83500022803D08020606501202C
:10234000F6E7DC492068884249D0DA49183120682C
:10235000884244D0D7493031206888423FD0D5499F
:102360004831206888423AD0D2496031206888429A
:1023700035D0D04978312068884230D0CD4990316D
:10238000206888422BD0CB49A8312068884226D0CB
:10239000C9492068884222D0C7491831206888423C
:1023A0001DD0C54930312068884218D0C249483113
:1023B0002068884213D0C0496031206888420ED01E
:1023C000BD4978312068884209D0BB4990312068E6
:1023D000884204D0B849A8312068884201D1012040
:1023E00000E00020F0B3042084F83500B1492068F3
:1023F00088424BD0AF4918312068884246D0AD4959
:1024000030312068884241D0AA494831206888424A
:102410003CD0A84960312068884237D0A54978313E
:102420002068884232D0A3499031206888422DD05C
:10243000A049A8312068884228D09F492068884256
:1024400024D09D491831206888421FD09A493031E4
:10245000206888421AD0984948312068884215D0AF
:10246000954900E020E06031206888420ED0924912
:1024700078312068884209D08F499031206888429D
:1024800004D08D49A8312068884206D120680068B0
:1024900020F001002168086009E12068006820F050
:1024A00001002168086002E12068006820F00E0049
:1024B000216808607F492068884249D07D491831E9
:1024C0002068884244D07B493031206888423FD020
:1024D00078494831206888423AD07649603120688E
:1024E000884235D0734978312068884230D07149AC
:1024F0009031206888422BD06E49A83120688842EC
:1025000026D06D492068884222D06B491831206856
:1025100088421DD0684930312068884218D0664909
:1025200048312068884213D063496031206888426E
:102530000ED0614978312068884209D05E499031D7
:102540002068884204D05C49A8312068884206D1BE
:102550002068006820F001002168086005E020681C
:10256000006820F001002168086052492068884214
:1025700070D050491831206888426BD04D493031B5
:102580002068884266D04B4948312068884261D033
:1025900048496031206888425CD0464978312068DB
:1025A000884257D0434990312068884252D04149EF
:1025B000A831206888424DD03F492068884249D0E0
:1025C0003D4918312068884244D03B493031206869
:1025D00088423FD038494831206888423AD036494D
:1025E00060312068884235D033497831206888428C
:1025F00030D031499031206888422BD02E49A83103
:102600002068884226D02D492068884222D02B4954
:102610001431206888421DD028492831206888421A
:1026200018D026493C312068884213D023495031C4
:10263000206888420ED0214964312068884209D040
:102640001E4978312068884204D01C498C312068AA
:10265000884201D1012000E00020D8B1206E00683E
:1026600020F48070216E0860A56D94F85C0000F085
:102670001F01012088406860D4E919104860E06EAD
:1026800040B1E06E006820F48070E16E0860D4E92B
:102690001C104860012084F8350000BF002084F839
:1026A000340000BF206D10B12046216D8847002006
:1026B0003EE6000010000240100402400854025898
:1026C0002DE9F84F044600200090FE4800684FF4C2
:1026D0001651B0FBF1FAA66DD4F858803768D8F8D7
:1026E0000090F9492068884249D0F749183120689C
:1026F000884244D0F4493031206888423FD0F249C2
:102700004831206888423AD0EF49603120688842D9
:1027100035D0ED4978312068884230D0EA4990318F
:10272000206888422BD0E849A8312068884226D00A
:10273000E6492068884222D0E4491831206888425E
:102740001DD0E24930312068884218D0DF49483135
:102750002068884213D0DD496031206888420ED05D
:10276000DA4978312068884209D0D8499031206808
:10277000884204D0D549A8312068884201D101207F
:1027800000E0002000287DD094F85C0000F01F01DC
:10279000082088403840002868D0CB49206888420B
:1027A00049D0C94918312068884244D0C6493031DF
:1027B000206888423FD0C4494831206888423AD0D6
:1027C000C14960312068884235D0BF4978312068DE
:1027D000884230D0BC499031206888422BD0BA4919
:1027E000A8312068884226D0B8492068884222D083
:1027F000B6491831206888421DD0B449303120686C
:10280000884218D0B14948312068884213D0AF4976
:102810006031206888420ED0AC4978312068884207
:1028200009D0AA4990312068884204D0A749A8312C
:102830002068884204D12068006800F0040003E0AA
:102840002068006800F0080080B12068006820F06F
:1028500004002168086094F85C0000F01F01082063
:102860008840B060606D40F00100606594F85C00E5
:1028700000F01F01012088403840E8B392492068E9
:10288000884200E0B7E24BD08F4918312068884277
:1028900046D08D4930312068884241D08A4948313C
:1028A000206888423CD0884960312068884237D00F
:1028B000854978312068884232D083499031206838
:1028C00088422DD08049A8312068884228D07F498D
:1028D0002068884224D07D491831206888421FD062
:1028E0007A493031206888421AD0784948312068C6
:1028F000884215D0754900E026E0603120688842A2
:102900000ED0724978312068884209D06F499031E1
:102910002068884204D06D49A8312068884204D1DB
:102920002068406900F0800002E020680068002014
:1029300050B194F85C0000F01F0101208840B060A5
:10294000606D40F00200606594F85C0000F01F01CB
:10295000042088403840E8B35B49206888424BD067
:10296000594918312068884246D05749303120688B
:10297000884241D054494831206888423CD052496D
:1029800060312068884237D04F49783120688842CA
:1029900032D04D499031206888422DD04A49A83123
:1029A0002068884228D049492068884224D0474975
:1029B0001831206888421FD044493031206888424D
:1029C0001AD0424948312068884215D03F496031C9
:1029D000206800E024E088420ED03C49783120682D
:1029E000884209D0394990312068884204D037495B
:1029F000A8312068884204D12068006800F00200F5
:102A000002E020680068002050B194F85C0000F0FB
:102A10001F0104208840B060606D40F004006065D4
:102A200094F85C0000F01F01102088403840E8B3A3
:102A300025492068884251D02349183120688842AE
:102A40004CD0214930312068884247D01E49483156
:102A50002068884242D01C496031206888423DD0BD
:102A6000194978312068884238D017499031206858
:102A7000884233D01449A831206888422ED01349A7
:102A8000206888422AD0114918312068884225D010
:102A90000E4930312068884220D00C4948312068E6
:102AA00088421BD009496031206800E04DE088422F
:102AB00014D006497831206888420FD003499031FC
:102AC000206805E00C0000241000024010040240C1
:102AD000884203D0FE492068884204D120680068FB
:102AE00000F0080003E02068006800F0040060B314
:102AF00094F85C0000F01F0110208840B06020684E
:102B0000006800F4802080B12068006800F4002094
:102B100028B9206CC8B12046216C884715E0A06C0C
:102B200098B12046A16C88470FE02068006800F447
:102B3000807028B92068006820F0080021680860CB
:102B4000206C10B12046216C884794F85C0000F09E
:102B50001F0120208840384000287DD0DD492068B2
:102B6000884249D0DB4918312068884244D0D9498D
:102B70003031206888423FD0D649483120688842A9
:102B80003AD0D44960312068884235D0D149783173
:102B90002068884230D0CF499031206888422BD0BD
:102BA000CC49A8312068884226D0C949A839206874
:102BB000884221D0C6499039206888421CD0C44937
:102BC00078392068884217D0C14960392068884226
:102BD00012D0BF494839206888420DD0BC493039ED
:102BE0002068884208D0BA4918392068884203D042
:102BF000B7492068884204D12068006800F01000BE
:102C000003E02068006800F0020028B394F85C003C
:102C100000F01F0120208840B06094F8350004289F
:102C20002DD12068006820F0160021680860206817
:102C3000406920F0800021684861206C08B9A06CD0
:102C400028B12068006820F008002168086094F826
:102C50005C0000F01F0100E03FE03F208840B060D2
:102C6000012084F8350000BF002084F8340000BF44
:102C7000206D10B12046216D8847BDE8F88F20688F
:102C8000006800F4802080B12068006800F4002013
:102C900028B9606C08B32046616C88471DE0E06B82
:102CA000D8B12046E16B884717E02068006800F43F
:102CB000807068B92068006820F010002168086002
:102CC000012084F8350000BF002084F8340000BFE4
:102CD000E06B10B12046E16B8847606D00287AD028
:102CE000606D00F00100E8B3042084F835007949F4
:102CF000206888424BD0774918312068884246D0F6
:102D0000744930312068884241D072494831206886
:102D100088423CD06F4960312068884237D06D4985
:102D200078312068884232D06A49903120688842E0
:102D30002DD06849A8312068884228D06449A83934
:102D40002068884223D062499039206888421ED08A
:102D50005F4978392068884219D05D496039206818
:102D6000884200E040E012D0594948392068884242
:102D70000DD0574930392068884208D05449183955
:102D80002068884203D052492068884206D12068D2
:102D9000006820F001002168086005E020680068F4
:102DA00020F001002168086000BF0098401C0090DE
:102DB000504500D905E02068006800F001000028B7
:102DC000F3D100BF2068006800F0010020B10320AB
:102DD00084F8350003E00DE0012084F8350000BFE1
:102DE000002084F8340000BFE06C002802D02046A8
:102DF000E16C8847D9E138492068884222D03649B9
:102E00001431206888421DD0334928312068884217
:102E100018D031493C312068884213D02E495031B6
:102E2000206888420ED02C4964312068884209D03D
:102E3000294978312068884204D027498C3120689C
:102E4000884201D1012000E000200028D2D0206873
:102E5000056894F85C0000F01F010420884000EA37
:102E60000900D8B305F00400C0B394F85C0000F08A
:102E70001F0104208840C8F8040005F4004080B118
:102E800005F4803030B9A06C0028B3D02046A16C86
:102E900088478AE1206C0028ACD02046216C884706
:102EA00083E105F02000E8BB0A492068884253D03E
:102EB00008491831206888424ED0064930312068D0
:102EC000884249D0034948312068884244D006E00E
:102ED000B804024010000240085402584FE0B449C0
:102EE00060312068884237D0B14978312068884203
:102EF00032D0AF499031206888422DD0AC49A831FA
:102F00002068884228D0AB492068884224D0A9494B
:102F10001831206888421FD0A64930312068884285
:102F20001AD000E025E0A34948312068884213D038
:102F3000A0496031206888420ED09E4978312068CF
:102F4000884209D09B4990312068884204D0994931
:102F5000A8312068884206D12068006820F0080067
:102F60002168086005E02068006820F004002168FE
:102F70000860206C10B32046216C884715E194F856
:102F80005C0000F01F010220884000EA0900E8B35D
:102F900005F00200D0B394F85C0000F01F0102209D
:102FA0008840C8F8040005F4004070B105F4803092
:102FB00028B9606C10B12046616C8847F5E0E06B81
:102FC000F0B32046E16B8847EFE005F02000C0BB7E
:102FD0007749206888424ED0754918312068884268
:102FE00049D0734930312068884244D07049483113
:102FF000206888423FD06E496031206888423AD0CC
:103000006B4978312068884235D000E04EE068494D
:103010009031206888422ED06549A83120688842C6
:1030200029D064492068884225D062491831206837
:10303000884220D05F493031206888421BD001E0AF
:103040006EE02DE05B4948312068884213D0594931
:103050006031206888420ED0564978312068884215
:1030600009D0544990312068884204D05149A83190
:103070002068884206D12068006820F0140021688A
:10308000086005E02068006820F00A0021680860F8
:10309000012084F8350000BF002084F8340000BF10
:1030A000E06BE8B32046E16B88477EE094F85C0073
:1030B00000F01F010820884000EA090080B305F0F5
:1030C000080068B33A49206888424BD03849183123
:1030D0002068884246D0364930312068884241D045
:1030E00033494831206888423CD0314960312068FA
:1030F000884237D02E4978312068884232D02C4916
:103100009031206888422DD02949A8312068884212
:1031100028D028492068884224D02649183100E068
:1031200043E0206888421DD022493031206888421F
:1031300018D0204948312068884213D01D49603199
:10314000206888420ED01B4978312068884209D017
:10315000184990312068884204D01649A831206867
:10316000884206D12068006820F01C0021680860B1
:1031700005E02068006820F00E002168086094F8DF
:103180005C0000F01F0101208840C8F80400012005
:10319000606584F8350000BF002084F8340000BF6B
:1031A000E06C10B12046E16C884700BF65E5000087
:1031B00010000240100402402DE9F041044600F0E6
:1031C00085FD804614B90120BDE8F081FE492068E4
:1031D000884249D0FC4918312068884244D0FA49D5
:1031E0003031206888423FD0F74948312068884212
:1031F0003AD0F54960312068884235D0F2497831BB
:103200002068884230D0F0499031206888422BD025
:10321000ED49A8312068884226D0EC4920688842D0
:1032200022D0EA491831206888421DD0E749303160
:103230002068884218D0E54948312068884213D078
:10324000E2496031206888420ED0E0497831206838
:10325000884209D0DD4990312068884204D0DB499A
:10326000A8312068884201D1012000E00020002818
:1032700073D0606A00B100BF022084F8350000BF3F
:10328000002084F8340000BFCF492068884249D02C
:10329000CD4918312068884244D0CB49303120686C
:1032A00088423FD0C8494831206888423AD0C64950
:1032B00060312068884235D0C3497831206888421F
:1032C00030D0C1499031206888422BD0BE49A83106
:1032D0002068884226D0BD492068884222D0BB4958
:1032E0001831206888421DD0B849303120688842A2
:1032F00018D0B64948312068884213D0B3496031AC
:10330000206888420ED0B14978312068884209D0BF
:10331000AE4990312068884204D0AC49A831206879
:10332000884206D12068006820F00100216808600A
:1033300005E02068006820F00100216808600DE0C9
:1033400000F0C4FCA0EB0800052807D92020606528
:10335000032084F83500012036E76AE02068006821
:1033600000F001000028EBD120680568984805406E
:10337000D4E9020108432169084361690843A1694E
:103380000843E1690843216A08430543606A042849
:1033900003D1D4E90B01084305438E4800686FF35D
:1033A0000F00B0F1005F1DD36068292802D3606868
:1033B0002E2811D960683F2802D3606842280BD9B3
:1033C0006068472802D36068482805D960684F289C
:1033D00004D36068522801D8012000E0002008B121
:1033E00045F48015206805602068456925F00705CB
:1033F000606A0543606A04280DD1A06A0543E06A4B
:1034000048B12046FEF7E0FA28B14020606501206F
:1034100084F83500D8E6206845612046FEF7B0F90B
:10342000064694F85C0000F01F013F208840B06021
:103430009EE069492068884222D06749143120689B
:1034400088421DD0644928312068884218D06249DA
:103450003C312068884213D05F495031206888424F
:103460000ED05D4964312068884209D05A497831CC
:103470002068884204D058498C312068884201D1A4
:10348000012000E00020E0B353492068884222D0A8
:1034900051491431206888421DD04F492831206895
:1034A000884218D04C493C312068884213D04A49A0
:1034B0005031206888420ED04749643120688842E4
:1034C00009D0454978312068884204D042498C317E
:1034D0002068884201D1012000E0002000B100BF37
:1034E000022084F8350000BF002084F8340000BFBB
:1034F0002068056839480540A068402802D110219D
:1035000006E02EE0A068802801D1C10100E0002182
:10351000E06841EAD001206941EAD001606941EAEE
:10352000D001A06941EAD001E06941EAD001206AF6
:1035300041EA101005432068056027492068401AB9
:103540001421B0FBF1F08000E0652046FEF718F989
:10355000074694F85C0000F01F0101208840786065
:1035600006E040206065032084F8350001202BE64A
:103570001549206888427FD0134918312068884255
:103580007AD0114930312068884275D00E494831CF
:103590002068884270D00C496031206888426BD026
:1035A000094978312068884266D0074990312068FF
:1035B000884261D00449A831206888425CD0034920
:1035C0002068884258D00BE01000024010040240EE
:1035D0003F8010FE0010005C085402580F00FEFFF0
:1035E0003B4918312068884246D03949303120683B
:1035F000884241D036494831206888423CD034491D
:1036000060312068884237D031497831206888425B
:1036100032D02F499031206888422DD02C49A831D2
:103620002068884228D02B492068884224D0294924
:103630001431206888421FD02649283120688842EA
:103640001AD024493C312068884215D02149503194
:103650002068884210D01F496431206888420BD00E
:103660001C4978312068884206D01A498C3120687C
:10367000884200E000E001D1012000E0002000B31A
:103680002046FEF7F3F8A068802801D10020606092
:103690002079216E0860D4E919104860606860B133
:1036A0006068082809D82046FEF742F90020E16E3C
:1036B0000860D4E91C10486003E00020E066206741
:1036C000606700206065012084F8350000207BE5FC
:1036D00010040240085402582DE9F04104460D46FA
:1036E00016461F464FF0000814B90120BDE8F081CE
:1036F00000BF94F83400012801D10220F6E7012030
:1037000084F8340000BF94F8350001287ED10220EF
:1037100084F8350000206065E4492068884249D07B
:10372000E24918312068884244D0E04930312068AD
:1037300088423FD0DD494831206888423AD0DB4991
:1037400060312068884235D0D84978312068884275
:1037500030D0D6499031206888422BD0D349A83147
:103760002068884226D0D2492068884222D0D04999
:103770001831206888421DD0CD49303120688842F8
:1037800018D0CB4948312068884213D0C8496031ED
:10379000206888420ED0C64978312068884209D016
:1037A000C34990312068884204D0C149A8312068BB
:1037B000884206D12068006820F001002168086076
:1037C00005E02068006820F00100216808603B46A1
:1037D000324629462046FEF74FF9B4492068884210
:1037E0004BD0B24918312068884246D0AF493031B9
:1037F0002068884241D0AD494831206888423CD099
:10380000AA4960312068884237D000E042E1A749E8
:1038100078312068884230D0A449903120688842AD
:103820002BD0A249A8312068884226D0A049206820
:10383000884222D09E491831206888421DD09C4978
:1038400030312068884218D0994948312068884230
:1038500013D097496031206888420ED0944978315E
:103860002068884209D0924990312068884204D06B
:103870008F49A8312068884201D1012000E0002052
:1038800080B12068006820F01E0040F0160021681A
:103890000860206CB0B12068006840F00800216822
:1038A00008600FE02068006820F00E0040F00A0079
:1038B00021680860206C28B12068006840F004008E
:1038C0002168086079492068884270D077491831AA
:1038D000206888426BD0754930312068884266D0B4
:1038E000724948312068884261D07049603120684F
:1038F00088425CD06D4978312068884257D06B4946
:1039000090312068884252D06849A83120688842A6
:103910004DD067492068884249D0654918312068F0
:10392000884244D062493031206888423FD06049A3
:103930004831206888423AD05D4960312068884229
:1039400035D05B4978312068884230D05849903171
:10395000206888422BD05649A8312068884226D05A
:1039600054492068884222D0524914312068884244
:103970001DD0504928312068884218D04D493C312B
:103980002068884213D04B495031206888420ED0BD
:10399000484964312068884209D046497831206816
:1039A000884204D043498C312068884201D10120EB
:1039B00000E0002090B1206E006800F4803028B153
:1039C000206E006840F48070216E0860E06E28B1BF
:1039D000E06E006840F48070E16E08603349206852
:1039E000884249D0314918312068884244D02F4953
:1039F0003031206888423FD02C49483120688842C5
:103A00003AD02A4960312068884235D02749783138
:103A10002068884230D025499031206888422BD0D8
:103A20002249A8312068884226D02149206888424E
:103A300022D01F491831206888421DD01C493031DE
:103A40002068884218D01A4948312068884213D02B
:103A500017496031206888420ED0154978312068B6
:103A6000884209D0124990312068884204D0104918
:103A7000A8312068884206D12068006840F0010023
:103A80002168086010E02068006840F001002168AB
:103A9000086009E04FF40060606500BF002084F812
:103AA000340000BF4FF0010840461FE610000240FE
:103AB0001004024008540258F8B502460B46002193
:103AC0006F4DD7E001278F401E6806EA0704002CDF
:103AD00072D01E7906F00306012E04D01E7906F07E
:103AE0000306022E13D190684F000326BE40B04358
:103AF0004F00DE68BE4030439060506801268E4023
:103B0000B0431E79C6F300168E40304350601E79D4
:103B100006F00306032E09D0D0684F000326BE40EE
:103B2000B0434F009E68BE403043D0601E7906F01F
:103B30000306022E13D1CF0802F1200656F8270003
:103B40004E07F70E0F26BE40B0434F07FF0E1E690B
:103B5000BE403043CF0802F1200646F82700106827
:103B60004F000326BE40B0431E7906F003064F0007
:103B7000BE40304310605E6806F44036002E78D0B8
:103B800000BF404E366846F002063E4F3E603E465D
:103B9000366806F00206009600BF00BF3A4E8F0856
:103BA00056F827008E07370F0F26BE40B043374E1A
:103BB000B24202D100262EE05BE0354EB24201D186
:103BC000012628E0334EB24201D1022623E0324ED4
:103BD000B24201D103261EE0304EB24201D104268A
:103BE00019E02F4EB24201D1052614E02D4EB2420B
:103BF00001D106260FE02C4EB24201D107260AE081
:103C00002A4EB24201D1082605E0294EB24201D126
:103C1000092600E00A268F073F0FBE4030431A4EA8
:103C20008F0846F827004FF0B0463068A0435E6822
:103C300006F4801606B120434FF0B046306070683D
:103C4000A0435E6806F4001606B120434FF0B0466C
:103C500070606868A0435E6806F4003606B12043D1
:103C600068602868A0435E6806F4803606B1204389
:103C70002860491C1E68CE40002E7FF423AFF8BD9B
:103C800080000058F444025808040058000002580C
:103C90000004025800080258000C02580010025894
:103CA0000014025800180258001C02580020025844
:103CB000002402580AB1816101E00B04836170475E
:103CC00001480068000C70470010005C0148006863
:103CD0007047000000000024034800680349097889
:103CE00008440149086070470000002408000024CF
:103CF00010B5032000F040F901F088FC1049096874
:103D0000C1F303210F4A515C01F01F0120FA01F4B5
:103D10000B48006800F00F001146085C00F01F001F
:103D200024FA00F00849086008480460072000F001
:103D30000FF808B1012010BD00F0B6F80020FAE736
:103D400018440258EAA00008100000240C000024C7
:103D500010B58AB00446102C2FD200222146322002
:103D600000F0CCF8322000F0B5F81848046018488C
:103D7000016841F008010160006800F0080000904F
:103D800001A902A801F0C2FB0798C0B101F01AFC1A
:103D900040001049B0FBF1F1491E10480E4A026084
:103DA00040F2E732C260416000210161816002F0AF
:103DB000D9F938B101200AB010BD0120FBE701F0AC
:103DC00001FCE6E7054802F04DFAF4E704000024A0
:103DD000E844025840420F00000C004044580024C0
:103DE0004178154A116014490831096821F0010130
:103DF000114A08321160121F41681160017B0907E6
:103E0000C27A41EA0261827A41EAC241427B41EAD6
:103E10008241827B41EA4241C27B41EA0241427ACD
:103E200041EA0221027A41EA420102781143024A40
:103E3000083211607047000098ED00E000BF00BF3D
:103E400000BFBFF35F8F00BF00BF00BF0548006821
:103E500020F4803003490860002002497031086076
:103E60007047000024ED00E040F001010D4A1160B0
:103E70000C497039096841F480310A4A703A11607E
:103E800000BF00BF00BFBFF34F8F00BF00BF00BF28
:103E900000BF00BF00BFBFF36F8F00BF00BF00BFF8
:103EA0007047000094ED00E008B50948016841F052
:103EB00002010160006800F002000090042000F0A0
:103EC0005BF800220721BDE80840901E00F016B8FC
:103ED000F44402580146084600280DDB00BF00BF2D
:103EE00000F01F0301229A4043099B0003F1E023E5
:103EF000C3F8002100BF00BF00BF70472DE9F05F8D
:103F000080460D46164605F0E1F9074639462A4631
:103F1000334601F00700C0F1070ABAF1040F02D9D5
:103F20004FF0040A01E0C0F1070AD14600F1040A8B
:103F3000BAF1070F02D24FF0000A01E0A0F1030A24
:103F4000D4464FF0010A0AFA09FAAAF1010A0AEA6C
:103F5000020A0AFA0CFA4FF0010B0BFA0CFBABF158
:103F6000010B0BEA030B4AEA0B042146404605F01D
:103F7000B5F9BDE8F09F000000BF00F00702064B56
:103F800019684FF6FF031940044B0B4343EA022123
:103F9000014B196000BF70470CED00E00000FA050E
:103FA00070B5044615480068C0F3800048B913484E
:103FB000006800F00700A04201D0012070BD002081
:103FC000FCE70E48006820F0070020430B4908601A
:103FD000FFF77CFE054607E0FFF778FE401BB0F5D3
:103FE0007A7F01D90120E9E7044808380068C0F366
:103FF00040300028F0D00020E0E700000C480258D4
:1040000010B501F0B9FA05490968C1F30211044A73
:10401000515C01F01F01C84010BD0000204402584F
:10402000EAA0000870B50146844D2D6805F0030331
:10403000824D2D68C5F30530804D2D1D2D68C5F3CB
:1040400000147E4D14352D68C5F3CC0515FB04F521
:1040500001EE105AB8EE411AF0EE410A00286FD076
:1040600023B1012B4ED0022B6BD16BE0734D283D59
:104070002D68C5F340153DB3704D283D2D68C5F33F
:10408000C1066F4D25FA06F201EE102AF8EE411A2C
:1040900001EE100AB8EE411A81EE812A9FED691AED
:1040A000C0EE811A654D10352D68C5F3080501EE87
:1040B000105AB8EE411A31EE811AF7EE001A31EEBD
:1040C000211A22EE010A1CE001EE100AB8EE411A94
:1040D000DFED5D1A81EE812A9FED5A1AC0EE811A3A
:1040E000564D10352D68C5F3080501EE105AB8EE8F
:1040F000411A31EE811AF7EE001A31EE211A22EE42
:10410000010A5BE001EE100AB8EE411ADFED4F1A2A
:1041100081EE812A9FED4B1AC0EE811A474D103572
:104120002D68C5F3080501EE105AB8EE411A31EEBC
:10413000811AF7EE001A31EE211A22EE010A3DE053
:1041400077E01DE001EE100AB8EE411A9FED402A1B
:10415000C2EE011A9FED3B1A80EE812A374D1035D1
:104160002D68C5F3080501EE105AB8EE411A32EE7B
:10417000011AB7EE002A31EE021A21EE810A1DE083
:1041800001EE100AB8EE411ADFED301A81EE812AF5
:104190009FED2C1AC0EE811A284D10352D68C5F3FD
:1041A000080501EE105AB8EE411A31EE811AF7EE09
:1041B000001A31EE211A22EE010A00BF00BF1F4D86
:1041C00010352D68C5F3462501EE105AB8EE411A98
:1041D000F7EE001A31EE211AC0EE011ABCEEE11A18
:1041E00081ED001A154D10352D68C5F3064501EE19
:1041F000105AB8EE411AF7EE001A31EE211AC0EE4D
:10420000011ABCEEE11A81ED011A0C4D10352D6832
:10421000C5F3066501EE105AB8EE411AF7EE001A22
:1042200031EE211AC0EE011ABCEEE11A81ED021A3C
:1042300003E000250D604D608D6070BD284402587C
:104240000090D003000000460024744C0024744AFF
:10425000001B374B70B50146844D2D6805F00303F4
:10426000824D2D68C5F30550804D2D1D2D68C5F379
:1042700000247E4D1C352D68C5F3CC0515FB04F5D7
:1042800001EE105AB8EE411AF0EE410A00286FD044
:1042900023B1012B4ED0022B6BD16BE0734D283D27
:1042A0002D68C5F340153DB3704D283D2D68C5F30D
:1042B000C1066F4D25FA06F201EE102AF8EE411AFA
:1042C00001EE100AB8EE411A81EE812A9FED691ABB
:1042D000C0EE811A654D18352D68C5F3080501EE4D
:1042E000105AB8EE411A31EE811AF7EE001A31EE8B
:1042F000211A22EE010A1CE001EE100AB8EE411A62
:10430000DFED5D1A81EE812A9FED5A1AC0EE811A07
:10431000564D18352D68C5F3080501EE105AB8EE54
:10432000411A31EE811AF7EE001A31EE211A22EE0F
:10433000010A5BE001EE100AB8EE411ADFED4F1AF8
:1043400081EE812A9FED4B1AC0EE811A474D183538
:104350002D68C5F3080501EE105AB8EE411A31EE8A
:10436000811AF7EE001A31EE211A22EE010A3DE021
:1043700077E01DE001EE100AB8EE411A9FED402AE9
:10438000C2EE011A9FED3B1A80EE812A374D183597
:104390002D68C5F3080501EE105AB8EE411A32EE49
:1043A000011AB7EE002A31EE021A21EE810A1DE051
:1043B00001EE100AB8EE411ADFED301A81EE812AC3
:1043C0009FED2C1AC0EE811A284D18352D68C5F3C3
:1043D000080501EE105AB8EE411A31EE811AF7EED7
:1043E000001A31EE211A22EE010A00BF00BF1F4D54
:1043F00018352D68C5F3462501EE105AB8EE411A5E
:10440000F7EE001A31EE211AC0EE011ABCEEE11AE5
:1044100081ED001A154D18352D68C5F3064501EEDE
:10442000105AB8EE411AF7EE001A31EE211AC0EE1A
:10443000011ABCEEE11A81ED011A0C4D18352D68F8
:10444000C5F3066501EE105AB8EE411AF7EE001AF0
:1044500031EE211AC0EE011ABCEEE11A81ED021A0A
:1044600003E000250D604D608D6070BD284402584A
:104470000090D003000000460024744C0024744ACD
:10448000001B374B2DE9F04104460025A8464FF0AC
:104490000062D4E90010114000201346594040400A
:1044A000014331D1A06E48B1B0F5801F0DD0B0F5F9
:1044B000001F11D0B0F5401F16D114E0F948006874
:1044C00040F40030F749086010E0022104F10800D0
:1044D00003F0F4FC054609E0022104F1280003F092
:1044E0009FFD054602E001E0012500BF00BF55B970
:1044F000EC482430006820F44010A16E0843E949DC
:104500002431086000E0A8464FF48073D4E900101D
:10451000194000205940404001432ED1A06D05288C
:104520001BD2DFE800F0030A11181900DD4800680B
:1045300040F40030DB49086011E0002104F108007C
:1045400003F0BCFC05460AE0002104F1280003F05A
:1045500067FD054603E002E001E0012500BF00BF62
:1045600055B9D0482430006820F00700A16D0843F9
:10457000CC492431086000E0A8464FF40073D4E928
:1045800000101940002059404040014334D1E06DF3
:10459000802818D003DC40B140281DD10CE0C02891
:1045A00018D0B0F5807F17D115E0BE48006840F400
:1045B0000030BC49086011E0002104F1080003F05C
:1045C0007DFC05460AE0002104F1280003F028FDE7
:1045D000054603E002E001E0012500BF00BF55B938
:1045E000B0482430006820F4E070E16D0843AD4924
:1045F0002431086000E0A8464FF48063D4E900103D
:104600001940002059404040014339D1D4F8A80056
:10461000B0F5800F1AD004DC50B1B0F5001F1ED1E8
:104620000DE0B0F5C00F18D0B0F5000F17D115E0B0
:104630009C48006840F400309A49086011E000216D
:1046400004F1080003F03AFC05460AE0002104F1F9
:10465000280003F0E5FC054603E002E001E0012547
:1046600000BF00BF5DB98F482C30006820F46000A7
:10467000D4F8A81008438B492C31086000E0A84604
:104680004FF40062D4E90010114000201346594055
:104690004040014339D1D4F8AC00B0F1007F1AD0CA
:1046A00004DC50B1B0F1807F1ED10DE0B0F1407F4D
:1046B00018D0B0F1806F17D115E07A48006840F447
:1046C00000307849086011E0002104F1080003F08F
:1046D000F5FB05460AE0002104F1280003F0A0FCE8
:1046E000054603E002E001E0012500BF00BF5DB91F
:1046F0006C482C30006820F0E060D4F8AC1008431F
:1047000068492C31086000E0A8464FF00073D4E9F6
:1047100000011840002158404940084328D1E06C6E
:10472000A8B1102804D0202809D0302810D10DE0DD
:104730005C48006840F400305A4908600AE00221F1
:1047400004F1080003F0BAFB054603E002E001E0D3
:10475000012500BF00BF55B952482030006820F045
:104760003000E16C08434F492031086000E0A84662
:104770004FF48053D4E900101940002059404040C4
:10478000014337D1206EB0F5005F1AD004DC50B180
:10479000B0F5805F1ED10DE0B0F5405F18D0B0F5E8
:1047A000804F17D115E03F48006840F400303D4984
:1047B000086011E0002104F1080003F07FFB0546CA
:1047C0000AE0002104F1280003F02AFC054603E07A
:1047D00002E001E0012500BF00BF55B93148243097
:1047E000006820F4E040216E08432E49243108601F
:1047F00000E0A8464FF40053D4E90010194000200F
:1048000059404040014335D1606EB0F5403F1ED065
:1048100007DC68B1B0F5803F0BD0B0F5003F19D18F
:104820000EE0B0F5802F13D0B0F5A02F12D110E01C
:1048300012E0012104F1080003F040FB05460BE003
:10484000012104F1280003F0EBFB054604E003E03E
:1048500002E001E0012500BF00BF55B91148243036
:10486000006820F4E020616E08430E49243108609E
:1048700000E0A8464FF48043D4E90001184000212D
:1048800058404940084337D1D4F8B000B0F1405FF8
:1048900020D009DC78B1B0F1805F0DD0B0F1005FBD
:1048A0001BD110E02C440258B0F1804F13D0B0F16E
:1048B000A04F12D110E012E0012104F1080003F032
:1048C000FDFA05460BE0012104F1280003F0A8FBE6
:1048D000054604E003E002E001E0012500BF00BF5F
:1048E0004DB9FE48006820F0E040D4F8B01008430D
:1048F000FA49086000E0A8464FF40042D4E90010ED
:1049000011400020134659404040014329D1206FF7
:10491000B0B1B0F1805F03D0B0F1005F11D108E019
:10492000EE482C38006840F40030EC492C3908601F
:1049300009E0012104F1080003F0C0FA054602E095
:1049400001E0012500BF00BF55B9E4480838006800
:1049500020F04050216F0843E0490839086000E02A
:10496000A8464FF08072D4E9001011400020134691
:104970005940404001432AD1A06CB8B1012804D06D
:1049800002280BD0032812D10FE0D4482C3800683D
:1049900040F40030D1492C3908600AE0022104F1CA
:1049A000080003F08BFA054603E002E001E0012570
:1049B00000BF00BF55B9C9480C38006820F003009B
:1049C000A16C0843C5490C39086000E0A8464FF4C3
:1049D0008002D4E9000110400021134658404940AC
:1049E00008437DD1BE48006840F48070BC4908602F
:1049F000FFF76CF9064606E0FFF768F9801B6428AC
:104A000001D9032505E0B648006800F4807000284D
:104A1000F2D000BF85BBB1481830006800F4407088
:104A2000B4F8B41001F44071884213D0AB48183088
:104A3000006820F44077A9481830006840F48030BE
:104A4000A649183108600846006820F480300860E4
:104A500008460760D4F8B400B0F5807F15D1FFF7A1
:104A600035F9064609E0FFF731F9801B41F288313C
:104A7000884202D9032507E038E0984818300068DA
:104A8000C0F340000028EED000BF55BB00BFB4F813
:104A9000B40000F44070B0F5407F0ED18F48483824
:104AA000006820F47C518F4AD4F8B400104041EAE9
:104AB00010108A494839086007E08848483800687B
:104AC00020F47C50854948390860844818300068D3
:104AD000B4F8B410C1F30B0108438049183101E068
:104AE00005E001E0086002E0A84600E0A8460122D7
:104AF000D4E90001104000211346584049400843C2
:104B000030D1E06F18281AD005DC48B1082808D049
:104B1000102817D10CE0202812D0282812D110E03C
:104B200012E0012104F1080003F0C8F905460BE08A
:104B3000012104F1280003F073FA054604E003E0C4
:104B400002E001E0012500BF00BF55B96348001F26
:104B5000006820F03800E16F08436049091F0860D1
:104B600000E0A8460222D4E90001104000211346CB
:104B700058404940084329D1A06F062816D2DFE8E3
:104B800000F003040B12131412E0012104F10800D9
:104B900003F094F905460BE0012104F1280003F02D
:104BA0003FFA054604E003E002E001E0012500BF12
:104BB00000BF55B94948001F006820F00700A16FE9
:104BC00008434649091F086000E0A8460423D4E9C9
:104BD00000101940002059404040014329D1D4F829
:104BE0009400062816D2DFE800F003040B12131419
:104BF00012E0012104F1080003F060F905460BE022
:104C0000012104F1280003F00BFA054604E003E05B
:104C100002E001E0012500BF00BF4DB92F48006848
:104C200020F00700D4F8941008432C49086000E0F5
:104C3000A8462023D4E900011840002158404940EB
:104C4000084337D1D4F89000B0F1405F1ED007DCA4
:104C500068B1B0F1805F0BD0B0F1005F19D10EE008
:104C6000B0F1804F13D0B0F1A04F12D110E012E09C
:104C7000002104F1080003F021F905460BE00221B0
:104C800004F1280003F0CCF9054604E003E002E05B
:104C900001E0012500BF00BF5DB91048001F00689A
:104CA00020F0E040D4F8901008430C49091F086038
:104CB00000E0A8464023D4E90010194000205940E4
:104CC000404001433CD1D4F89C00B0F5406F25D062
:104CD0000EDCA0B1B0F5806F12D005E05844025848
:104CE00000480258FFFCFF0FB0F5006F19D10EE02D
:104CF000B0F5805F13D0B0F5A05F12D110E012E0E4
:104D0000002104F1080003F0D9F805460BE0022168
:104D100004F1280003F084F9054604E003E002E012
:104D200001E0012500BF00BF4DB9FE48006820F436
:104D3000E050D4F89C100843FA49086000E0A84607
:104D40008023D4E90010194000205940404001431D
:104D500035D1D4F8A000B0F5C04F1ED007DC68B143
:104D6000B0F5005F0BD0B0F5804F19D10EE0B0F573
:104D7000004F13D0B0F5204F12D110E012E0002107
:104D800004F1080003F09AF805460BE0022104F153
:104D9000280003F045F9054604E003E002E001E0E5
:104DA000012500BF00BF4DB9DE48006820F4604017
:104DB000D4F8A0100843DB49086000E0A8460823A7
:104DC000D4E900101940002059404040014317D158
:104DD000D4F88400B0F5805F07D1022104F12800E7
:104DE00003F01EF908B14FF00108CE48001F00681B
:104DF00020F44050D4F884100843CA49091F0860C1
:104E00001023D4E9001019400020594040400143CC
:104E100015D1D4F89800B0F5807F07D1022104F1B4
:104E2000280003F0FDF808B14FF00108BD48006804
:104E300020F44070D4F898100843BA4908604FF441
:104E40000022D4E900011040002113465840494097
:104E5000084327D1D4F8A40030B1B0F5803F0AD080
:104E6000B0F5003F0FD10DE0002104F1080003F080
:104E700025F8054609E0022104F1280003F0D0F8E6
:104E8000054602E001E0012500BF00BF4DB9A5487D
:104E9000006820F44030D4F8A4100843A149086009
:104EA00000E0A8464FF48023D4E900011840002117
:104EB0005840494008432DD1D4F88800B0F5801FF0
:104EC00006D0B0F5001F0CD0B0F5401F11D10FE097
:104ED00094482C38006840F4003092492C3908601E
:104EE00009E0012104F1280003F09AF8054602E0E8
:104EF00001E0012500BF00BF5DB98A48001F0068BE
:104F000020F44010D4F8881008438649091F08602F
:104F100000E0A8464FF48032D4E90001104000219F
:104F2000134658404940084325D1206D18B1B0F5CB
:104F3000803F10D108E07B482C38006840F40030F6
:104F400078492C39086008E0022104F1080002F0D9
:104F5000B5FF054601E0012500BF00BF55B9714806
:104F60000C38006820F48030216D08436D490C39FD
:104F7000086000E0A8464FF00052D4E9001011404C
:104F80000020134659404040014307D1022104F15B
:104F9000280003F045F808B14FF001084FF4003342
:104FA000D4E900011840002158404940084329D164
:104FB000D4F88000A0B1B0F5807F06D0B0F5007FB6
:104FC0000CD0B0F5407F0CD109E056482C38006871
:104FD00040F4003053492C39086004E003E002E05B
:104FE00001E0012500BF00BF5DB94E48001F006809
:104FF00020F44070D4F8801008434A49091F086023
:1050000000E0A8464FF48012D4E9001011400020BF
:10501000134659404040014309D1424808380068CE
:1050200020F00040616F08433E49083908604FF0A6
:105030008052D4E9001011400020134659404040EE
:1050400001430AD137484838006820F48040D4F83A
:10505000B81008433349483908604FF40012D4E9C6
:10506000001011400020134659404040014309D12F
:105070002C480838006820F08070E16E0843294908
:10508000083908604FF08042D4E900101140002038
:10509000134659404040014311D100BF21484838D0
:1050A000006820F400401F4948390860084600683D
:1050B000D4F8BC1008431B494839086000BF4FF0C2
:1050C0000042D4E9001011400020134659404040EE
:1050D000014309D113480C38006820F04050616D3D
:1050E000084310490C3908604FF40002D4E900105D
:1050F0001140002013465940404001430AD109485D
:10510000001F006820F44000D4F88C1008430549C3
:10511000091F0860012300216068184001224940EE
:10512000504001E058440258014306D104F1080000
:1051300002F0C4FE054605B1A846022200216068BF
:10514000104049405040014307D1012104F10800BB
:1051500002F0B4FE054605B1A846042300206168AC
:105160001940042240405140084307D1022104F174
:10517000080002F0A3FE054605B1A8460823002159
:1051800060681840082249405040014306D104F1AC
:10519000280002F045FF054605B1A846102200216F
:1051A0006068104049405040014307D1012104F19B
:1051B000280002F035FF054605B1A8462022002050
:1051C0006168114040405140084307D1022104F179
:1051D000280002F025FF054605B1A846B8F1000FEA
:1051E00002D10020BDE8F0810120FBE72DE9F0416C
:1051F00004460D4614B90120BDE8F081BD480068A1
:1052000000F00F00A8420ED2BA48006820F00F004C
:105210002843B84908600846006800F00F00A8421B
:1052200001D00120E8E7207800F0040004280ED126
:10523000B1492069096801F07001884207D9AE4878
:10524000006820F0700021690843AB4908602078AD
:1052500000F00800082811D1A749091D60690968F4
:1052600001F07001884209D9A348001D006820F0B0
:10527000700061690843A049091D0860207800F0AA
:105280001000102811D19C49091DA069096801F47A
:10529000E061884209D99848001D006820F4E06068
:1052A000A16908439449091D0860207800F0200096
:1052B000202811D190490831E069096801F0700196
:1052C000884209D98C480830006820F07000E169F4
:1052D0000843894908310860207800F0020002285C
:1052E0000ED18549E068096801F00F01884207D9AD
:1052F0008148006820F00F00E16808437E4908609B
:10530000207800F00100002850D07B48006820F48D
:105310007060A1680843784908606068022807D176
:10532000754818380068C0F34040F8B9012063E7B9
:105330006068032807D1704818380068C0F34060DF
:10534000A0B9012058E76068012807D16A481838D9
:105350000068C0F3002048B901204DE766481838BE
:105360000068C0F3800008B9012045E762480838AA
:10537000006820F00700616808435F490839086049
:10538000FEF7A4FC064608E0FEF7A0FC801B41F2F5
:105390008831884201D903202EE757480838006831
:1053A00000F038006168B0EBC10FEDD1207800F05B
:1053B000020002280ED15049E068096801F00F018F
:1053C000884207D24C48006820F00F00E16808438B
:1053D000494908604748006800F00F00A8420ED90C
:1053E0004448006820F00F002843424908600846FE
:1053F000006800F00F00A84201D00120FCE62078F0
:1054000000F0040004280ED13B492069096801F02E
:105410007001884207D23848006820F07000216986
:10542000084335490860207800F00800082811D1A9
:105430003149091D6069096801F07001884209D28B
:105440002D48001D006820F07000616908432A495A
:10545000091D0860207800F01000102811D126499D
:10546000091DA069096801F4E061884209D2224857
:10547000001D006820F4E060A16908431E49091D71
:105480000860207800F02000202811D11A49083146
:10549000E069096801F07001884209D216480830B5
:1054A000006820F07000E169084313490831086082
:1054B00000F0ACF810490968C1F303210F4A515CB0
:1054C00001F01F0120FA01F70B48006800F00F00FF
:1054D0001146085C00F01F0027FA00F00849086038
:1054E0000848076008480068FEF732FC80464046DE
:1054F00082E600000020005218440258EAA000088A
:10550000100000240C000024040000243F2202604C
:10551000174A126802F007024260154A0832126800
:1055200002F470628260124A0832126802F00F02BE
:10553000C2600F4A0832126802F0700202610C4A1F
:105540000C32126802F070024261094A0C32126891
:1055500002F4E0628261064A1032126802F07002C0
:10556000C261044A126802F00F020A60704700002C
:10557000104402580020005210B500F047F80D49C1
:105580000968C1F303210C4A515C01F01F0120FAA4
:1055900001F40848006800F00F001146085C00F0B4
:1055A0001F0024FA00F00549086005480460084619
:1055B000006810BD18440258EAA00008100000243A
:1055C0000C00002400B5FFF7D7FF05490968C1F3B7
:1055D0000211044A515C01F01F01C84000BD0000E7
:1055E0001C440258EAA0000800B5FFF7C5FF0549B2
:1055F0000968C1F30221044A515C01F01F01C8404F
:1056000000BD00001C440258EAA00008F0B5824E1C
:10561000366806F0380636B1082E15D0102E15D093
:10562000182E7DD114E07C4E103E3668C6F340162D
:1056300046B1794E103E3668C6F3C107774E26FA5A
:1056400007F000E07548E5E07548E3E07548E1E003
:10565000714E1836366806F003046F4E18363668F9
:10566000C6F305116C4E1C36366806F001056A4E0D
:1056700024363668C6F3CC0616FB05F601EE106A32
:10568000B8EE410A002971D024B1012C50D0022C6F
:105690006DD16DE0604E103E3668C6F340163EB3E5
:1056A0005D4E103E3668C6F3C1075C4E26FA07F31E
:1056B00001EE103AF8EE411A01EE101AB8EE411A56
:1056C00081EE812A9FED581AC0EE011A524E203603
:1056D0003668C6F3080601EE106AB8EE411A31EEDC
:1056E000811AF7EE001A31EE211A62EE010A1EE06D
:1056F00001EE101AB8EE411ADFED4C1A81EE812A44
:105700009FED491AC0EE011A434E20363668C6F3A3
:10571000080601EE106AB8EE411A31EE811A00E077
:1057200076E0F7EE001A31EE211A62EE010A5BE034
:1057300001EE101AB8EE411A9FED3D2AC2EE011A91
:105740009FED391A80EE012A334E20363668C6F3B3
:10575000080601EE106AB8EE411A32EE011AB7EEF1
:10576000002A31EE021A61EE810A3DE04EE01DE0B2
:1057700001EE101AB8EE411ADFED2E1A81EE812AE1
:105780009FED291AC0EE011A234E20363668C6F363
:10579000080601EE106AB8EE411A31EE811AF7EEF2
:1057A000001A31EE211A62EE010A1DE001EE101A14
:1057B000B8EE411A9FED1E2AC2EE011A9FED1A1A89
:1057C00080EE012A144E20363668C6F3080601EE34
:1057D000106AB8EE411A32EE011AB7EE002A31EE25
:1057E000021A61EE810A00BF00BF0B4E20363668F8
:1057F000C6F34626721C01EE102AB8EE411AC0EE1E
:10580000811ABCEEE11A11EE100A00E0002001E05E
:10581000034800BF00BFF0BD104402580090D00301
:1058200000093D00001BB700000000460024744C36
:105830000024744A001B374B2DE9F047044614B985
:105840000120BDE8F087207800F00100002870D02A
:10585000FA48006800F03808F8481830D0F800908E
:10586000B8F1100F06D0B8F1180F0FD109F00300EE
:1058700002280BD1F14810380068C0F340400028DE
:105880006AD06068002867D10120DAE700BF60684D
:10589000B0F5803F08D1E9481038006840F4803006
:1058A000E649103908602EE0606868B9E3481038AE
:1058B000006820F48030E14910390860084600682B
:1058C00020F4802008601EE06068B0F5A02F0DD1A4
:1058D000DA481038006840F48020D8491039086050
:1058E0000846006840F4803008600CE0D348103867
:1058F000006820F48030D1491039086008460068FB
:1059000020F48020086000BF606898B1FEF7DEF9DF
:10591000054606E0FEF7DAF9401B642801D90320AA
:105920008FE7C64810380068C0F340400028F1D027
:1059300012E012E0FEF7CAF9054606E0FEF7C6F9E6
:10594000401B642801D903207BE7BC48103800685D
:10595000C0F340400028F1D100BF207800F00200E1
:10596000022874D1B548006800F03808B3481830F0
:10597000D0F80090B8F1000F05D0B8F1180F56D14B
:1059800009F00300D0BBAD4810380068C0F38000B8
:1059900018B1E06808B9012053E7A848103800683A
:1059A00020F01900E1680843A44910390860FEF7A7
:1059B0008DF9054606E0FEF789F9401B022801D95A
:1059C00003203EE79D4810380068C0F3800000289F
:1059D000F1D000BFFEF774F941F2030188421AD8F2
:1059E000206940280BD195480C38006820F47C30A1
:1059F00040F4003091490C39086017E017E08F48F7
:105A00000C38006820F47C30216940EA01308B4971
:105A10000C3908600AE089480C38006820F0FE4024
:105A2000217C40EA016085490C39086066E0E06845
:105A300088B382481038006820F01900E1680843F4
:105A40007E4910390860FEF741F9054607E056E047
:105A5000FEF73CF9401B022801D90320F1E6774804
:105A600010380068C0F380000028F1D000BFFEF7B6
:105A700027F941F2030188421AD8206940280BD146
:105A80006E480C38006820F47C3040F400306B49DC
:105A90000C39086017E017E068480C38006820F4FB
:105AA0007C30216940EA013064490C3908600AE021
:105AB00062480C38006820F0FE40217C40EA01601A
:105AC0005E490C39086019E05C481038006820F025
:105AD00001005A4910390860FEF7F8F8054606E05B
:105AE000FEF7F4F8401B022801D90320A9E6534829
:105AF00010380068C0F380000028F1D100BF207882
:105B000000F0100010287CD14C48006800F03808E4
:105B10004A481830D0F80090B8F1080F06D0B8F114
:105B2000180F3DD109F00300012839D1434810383E
:105B30000068C0F3002020B1E069802801D0012076
:105B40007FE600BFFEF7BCF841F2030188421AD895
:105B5000206A20280AD139480C38006820F0F84023
:105B600040F0804035490C39086018E033480C3863
:105B7000006820F0F84094F8201040EA81602F4936
:105B80000C3908600BE02D48001F006820F07C50A5
:105B900094F8201040EA01602849091F086066E077
:105BA000E06978B325481038006840F08000234948
:105BB00010390860FEF78AF8054606E0FEF786F819
:105BC000401B022801D903203BE61C48103800681E
:105BD000C0F300200028F1D000BFFEF771F841F2B9
:105BE000030188421CD8206A20280CD113480C38A5
:105BF000006820F0F84040F0804010490C390860FF
:105C00001AE035E01CE00D480C38006820F0F84040
:105C100094F8201040EA816008490C3908600BE0D4
:105C20000648001F006820F07C5094F8201040EADD
:105C300001600249091F086019E000001044025881
:105C4000FA48006820F08000F8490860FEF73EF846
:105C5000054606E0FEF73AF8401B022801D903206A
:105C6000EFE5F2480068C0F300200028F2D100BF41
:105C7000207800F00800082836D16069D0B1EB48E0
:105C80007430006840F00100E84974310860FEF7A4
:105C90001DF8054606E0FEF719F8401B022801D959
:105CA0000320CEE5E14874300068C0F340000028CE
:105CB000F1D019E0DD487430006820F00100DB49C4
:105CC00074310860FEF702F8054606E0FDF7FEFFB6
:105CD000401B022801D90320B3E5D4487430006882
:105CE000C0F340000028F1D1207800F020002028E7
:105CF00030D1A069B8B1CD48006840F48050CB499C
:105D00000860FDF7E3FF054606E0FDF7DFFF401BF7
:105D1000022801D9032094E5C4480068C0F340304C
:105D20000028F2D016E0C148006820F48050BF4936
:105D30000860FDF7CBFF054606E0FDF7C7FF401BF7
:105D4000022801D903207CE5B8480068C0F3403040
:105D50000028F2D1207800F0040004287DD1B44856
:105D6000006840F48070B2490860FDF7AFFF054657
:105D700006E0FDF7ABFF401B642801D9032060E576
:105D8000AB48006800F480700028F2D000BFA06823
:105D9000012808D1A5487030006840F00100A349EF
:105DA000703108602DE0A06868B9A04870300068C4
:105DB00020F001009D49703108600846006820F01D
:105DC000040008601DE0A06805280DD197487030D8
:105DD000006840F00400954970310860084600688A
:105DE00040F0010008600CE090487030006820F03E
:105DF00001008E49703108600846006820F00400F8
:105E0000086000BFA068A0B1FDF760FF054608E08C
:105E1000FDF75CFF401B41F28831884201D9032025
:105E20000FE5824870300068C0F340000028EFD0D2
:105E300013E0FDF74BFF054608E0FDF747FF401B69
:105E400041F28831884201D90320FAE47748703062
:105E50000068C0F340000028EFD1606A00287DD0C0
:105E600072481030006800F03800182877D0606A57
:105E7000022875D16D48006820F080706B49086079
:105E8000FDF724FF054606E0FDF720FF401B022832
:105E900001D90320D5E465480068C0F340600028BC
:105EA000F2D100BFD4E90A1041EA00105F4928315D
:105EB000096840F2F332914308435C492831086095
:105EC000208E401EC0F30800616B491E4FF47E42D5
:105ED00002EA41210843218F491ED20102EA014111
:105EE00008433C21095D491E120202EA0161084390
:105EF0004E493031086000BF081F006820F00100E3
:105F0000091F08604948343000684FF6F87188432B
:105F1000A16C40EAC10045493431086043482C3047
:105F2000006820F00C00216C084340492C310860C7
:105F30000846006820F00200616C08433B492C31A0
:105F400008600846006840F4803008600846006831
:105F500040F4003008600846006802E093E038E052
:105F60001FE040F4802008600846006840F001000F
:105F700008602E48006840F080702C490860FDF7EA
:105F8000A5FE054606E0FDF7A1FE401B022801D94B
:105F9000032056E425480068C0F340600028F2D092
:105FA00071E02248006820F0807020490860FDF709
:105FB0008DFE054606E0FDF789FE401B022801D94B
:105FC00003203EE419480068C0F340600028F2D185
:105FD00059E0164828300768144830300668606A6F
:105FE000012821D007F00301A06A81421CD1C7F328
:105FF0000511E06A884217D1C6F30801206B401EE4
:10600000814211D1606B401EC6F3462188420BD1FC
:10601000A06B401EC6F30641884205D1E06B401ECE
:10602000C6F30661884205D001200AE40044025804
:106030000048025815480068C0F3CC07A06CB8426D
:1060400021D012480838006820F001000F490839B3
:106050000860FDF73BFE054600BFFDF737FE401B1D
:10606000FBD00A4800684FF6F8718843A16C40EAFB
:10607000C1000649086005480838006840F0010082
:1060800002490839086000204AE4000034440258FC
:10609000704770477047000030B502460B4600BF9E
:1060A00092F83C00012801D1022030BD012082F885
:1060B0003C0000BF022082F83D0010684168106873
:1060C0008468214D1068A84203D0204D1068A84272
:1060D00003D121F470015868014321F07001186860
:1060E000014310684160184D1068A8421BD0106829
:1060F000B0F1804F17D0164D1068A84213D0154D3F
:106100001068A8420FD0144D1068A8420BD00F4D54
:106110001068A84207D0114D1068A84203D0104D56
:106120001068A84205D124F08004986804431068E0
:106130008460012082F83D0000BF002082F83C000E
:1061400000BF00BFB1E700000000014000040140B3
:106150000004004000080040000C0040001800400F
:106160000040014010B504460CB9012010BD94F860
:106170003D0028B9002084F83C00204600F02AF8B1
:10618000022084F83D00211D206802F06DF90120F5
:1061900084F8480000BF84F83E0001213F200155EB
:1061A0004020015541200155422001554320015511
:1061B00000BF00BF012084F844004520015546205F
:1061C00001554720015500BF012084F83D00002003
:1061D000CCE7000008B500681D4A1E49904208D16E
:1061E000086840F002000860086800F002000090B3
:1061F00008BD194A904208D1086840F004000860C0
:10620000086800F00400009008BD1249134A0831E4
:10621000904208D1086840F400300860086800F433
:106220000030009008BD0E4A9042FBD1086840F44F
:1062300080200860086800F480200090002203217C
:106240007620FDF75BFEBDE808407620FDF742BEF4
:1062500000040040E84402580008004000440140A7
:1062600000480140014691F83D00012801D001207D
:106270007047022081F83D000868C06840F00100C6
:106280000B68D8601C4B086898421BD00868B0F1B6
:10629000804F17D0194B0868984213D0184B0868E4
:1062A00098420FD0174B086898420BD0164B0868DD
:1062B000984207D0154B0868984203D0144B0868E1
:1062C000984210D108688068124B00EA0302062A3F
:1062D0000FD0B2F5803F0CD00868006840F0010094
:1062E0000B68186005E00868006840F001000B6862
:1062F00018600020BCE700000000014000040040DE
:1063000000080040000C004000040140001800405C
:1063100000400140070001002DE9F04104460D4610
:10632000002700BF94F83C00012802D10220BDE8FC
:10633000F081012084F83C0000BF022084F83D0079
:10634000206886684048064026F47F4620688660BC
:106350002868702826D00CDC00F00F01002966D1D7
:106360000011072863D2DFE800F0555657584B3725
:106370004100B0F1101F52D009DCB0F5805F10D0A1
:10638000B0F5005F1BD0B0F5801F50D146E0A0F5FE
:1063900080102038002843D0102842D0202846D131
:1063A00040E046E0D5E902136A68206802F0D7F8B9
:1063B0002068866846F077062068866039E0D5E96F
:1063C00002136A68206802F0CAF82068806840F406
:1063D0008040216888602CE0EA686968206802F0E3
:1063E00089FA5021206802F0C5F822E0EA6869685D
:1063F000206802F092FA6021206802F0BBF818E0F1
:10640000EA686968206802F075FA4021206802F0A5
:10641000B1F80EE000BF00BF00BF00BF00BF00BF6B
:1064200000BF00BF2968206802F0A4F801E001273E
:1064300000BF00BF012084F83D0000BF002084F8A9
:106440003C0000BF384672E788FFCEFF2DE9F041DF
:1064500004460D4614B90120BDE8F08194F83D00D2
:1064600028B9002084F83C00204600F055F80220AE
:1064700084F83D00206880682649084021688860CB
:10648000211D206801F0F0FF2068D0F80880206806
:1064900086692068076A286840EA080840F20330E5
:1064A0008643A969A86840EA0120064340F60C40EB
:1064B00086434FF2F0008643E969E86840EA01202C
:1064C000064328690001296A40EA0130064327F0A3
:1064D000220727F088076969686840EA01100743C6
:1064E0002068C0F808802068866120680762012063
:1064F00084F8480084F83E0001213F200155012026
:1065000084F8440045200155012084F83D00002016
:10651000A2E70000F8BFFEFF30B587B004461421A3
:1065200002A8FAF73EF9234D0022206802242249EE
:106530000123A8421ED120481030056845F001050E
:106540000560006800F001000190086840F010004C
:106550000860086800F0100001904FF4206002907D
:10656000039404920592069302A91448FDF7A4FA35
:1065700007B030BDB0F1804FFAD10F480830056840
:1065800045F001050560006800F001000190086811
:1065900040F001000860086800F00100019003204D
:1065A0000290039404920592069302A90448FDF711
:1065B00083FADDE700000140E04402580010025871
:1065C000000002582DE9F04304460D4694F83E6061
:1065D0003F20075D94F84480452010F804906DB981
:1065E000012E02D1B8F1010F02D00120BDE8F083E5
:1065F000022084F83E0084F8440025E0042D0CD1EC
:10660000012F02D1B9F1010F01D00120EEE70221E3
:106610003F2001554520015516E0012E07D1012FDD
:1066200005D1B8F1010F02D1B9F1010F01D001205C
:10663000DCE7022084F83E0002213F2001550220C1
:1066400084F844004520015515B1042D0CD105E016
:1066500001220021206801F071FF10E001220421D5
:10666000206801F06BFF0AE001220021206801F0A0
:1066700065FF01220421206801F060FF00BF00BF18
:106680002068006840F00100216808600020ADE744
:10669000704770B504462068C6682068056905F033
:1066A0000200022819D106F00200022815D1401F6D
:1066B00021680861012020772068806900F00300CC
:1066C00018B12046FFF7E4FF05E0204600F0F2F89D
:1066D000204600F0E0F90020207705F004000428AF
:1066E00019D106F00400042815D1C04321680861BF
:1066F000022020772068806900F4407018B120469D
:10670000FFF7C6FF05E0204600F0D4F8204600F071
:10671000C2F90020207705F00800082819D106F0FA
:106720000800082815D1C04321680861042020779B
:106730002068C06900F0030018B12046FFF7A8FFE9
:1067400005E0204600F0B6F8204600F0A4F900204D
:10675000207705F01000102819D106F0100010283D
:1067600015D1C04321680861082020772068C069DE
:1067700000F4407018B12046FFF78AFF05E020467C
:1067800000F098F8204600F086F90020207705F008
:10679000010048B106F0010030B16FF0010021683E
:1067A0000861204600F02AFA05F08000802804D015
:1067B00005F40050B0F5005F0AD106F08000802893
:1067C00006D16FF40250216808612046FFF761FC92
:1067D00005F48070B0F5807F0AD106F08000802833
:1067E00006D16FF48070216808612046FFF750FCE5
:1067F00005F04000402809D106F04000402805D1AE
:10680000C04321680861204600F004FA05F020002A
:10681000202809D106F02000202805D1C043216896
:1068200008612046FFF736FC70BD000010B586B049
:106830000446142101A8F9F7B4FF20680023184C7E
:1068400002221849A04213D1086840F002000860F3
:10685000086800F002000090332001900292039338
:106860000493059201A91048FDF726F906B010BD62
:106870000E4CA042FAD1086840F008000860086891
:1068800000F0080000904FF47040019002920393D2
:106890000493059201A90648FDF70EF9E6E700000A
:1068A00000040040E0440258000402580008004080
:1068B000000C025870472DE9F04104460D4616467B
:1068C000002700BF94F83C00012802D10220BDE857
:1068D000F081012084F83C0000BF0C2E51D005DC73
:1068E0004EB1042E1ED0082E7AD133E0102E60D087
:1068F000142EF9D175E02946206801F047FE206882
:10690000806940F00800216888612068806920F073
:10691000040021688861206880692969084321682A
:10692000886178E02946206801F086FE2068806949
:1069300040F40060216888612068806920F48060EC
:106940002168886120688069296940EA01202168FE
:10695000886160E02946206801F0C8FE2068C069AF
:1069600040F008002168C8612068C06920F0040078
:106970002168C8612068C069296908432168C86125
:1069800049E02946206801F00BFF2068C06940F407
:1069900000602168C8612068C06920F480602168B7
:1069A000C8612068C069296940EA01202168C8617E
:1069B00031E02946206801F02DFF2068406D40F04D
:1069C0000800216848652068406D20F004002168B7
:1069D00048652068406D29690843216848651AE0C8
:1069E00017E02946206801F04DFF2068406D40F413
:1069F0000060216848652068406D20F4806021684F
:106A000048652068406D296940EA01202168486591
:106A100001E0012700BF00BF00BF002084F83C0058
:106A200000BF384653E710B504460CB9012010BD2D
:106A300094F83D0028B9002084F83C00204600F07E
:106A400029F8022084F83D00211D206801F00CFD8A
:106A5000012084F8480000BF84F83E0001213F2057
:106A60000155402001554120015542200155432048
:106A7000015500BF00BF012084F8440045200155A6
:106A8000462001554720015500BF012084F83D00F4
:106A90000020CCE77047704770B504460D4615B925
:106AA00094F83E0015E0042D02D13F20005D10E077
:106AB000082D02D14020005D0BE00C2D02D14120B9
:106AC000005D06E0102D02D14220005D01E0432070
:106AD000005D012801D0012070BD1DB9022084F89D
:106AE0003E001AE0042D03D102213F20015514E09D
:106AF000082D03D10221402001550EE00C2D03D1B9
:106B000002214120015508E0102D03D1022142202D
:106B1000015502E002214320015501222946206847
:106B200001F00CFD2B49206888420FD02A492068CB
:106B300088420BD029492068884207D0284920681C
:106B4000884203D027492068884201D1012000E013
:106B5000002028B12068406C40F40040216848645F
:106B60001C49206888421BD02068B0F1804F17D0A4
:106B70001D492068884213D01C49206888420FD0E4
:106B80001B49206888420BD013492068884207D0EF
:106B900018492068884203D010492068884210D1E3
:106BA00020688068144900EA0106062E0FD0B6F569
:106BB000803F0CD02068006840F001002168086028
:106BC00005E02068006840F00100216808600020AE
:106BD00082E7000000000140000401400040014045
:106BE000004401400048014000040040000800400B
:106BF000000C0040001800400700010010B50446DA
:106C000003492068884201D1FDF766F810BD0000F5
:106C1000000C0040704790F88410012918D0012121
:106C200080F884102421C0F8881001680A680B6875
:106C300023F001030B6022F000510022426603683A
:106C400019602021C0F8881080F884200020704747
:106C50000220704710B50446D4F88C00202801D0DB
:106C6000022010BD51B14AB10120E066002020672A
:106C7000204602F063FA014611B105E0012010BD83
:106C8000E06E012802D00121084610BD22681020C4
:106C90001062206850E8002F42F0100240E8002304
:106CA000002BF6D1F0E7000070B504460D461949F7
:106CB0002068884211D11848007848B92A461749F7
:106CC0001748F9F7FFFC01201349087015490D70AA
:106CD0002C2212491448FFF7BDFF1448844217D1F3
:106CE00000BF002084F8840000BF114805805821AF
:106CF000801CF9F734FD2A460D495A31A1F158009C
:106D0000F9F7E0FC58220A495A310848FFF7A2FF78
:106D100070BD0000004400409400002490580024FE
:106D2000F458002496000024D0550024A8540024D0
:106D300098510024704770B5044694F884000128E7
:106D40001DD0012084F884002420C4F88800206825
:106D50000568026822F0010202602068826822F061
:106D600060620A438260204601F0ECFD2068056005
:106D70002020C4F88800002084F8840070BD022020
:106D800070BD70B5044694F8840001281DD0012020
:106D900084F884002420C4F888002068056802680C
:106DA00022F0010202602068826822F060420A43F9
:106DB0008260204601F0C6FD206805602020C4F8EE
:106DC0008800002084F8840070BD022070BD7047E8
:106DD000704770472DE9F04104462368D869196867
:106DE0009A6840F60F0500EA0507002F0ED18506C8
:106DF0000CD501F0200502F08056354306D0616FB6
:106E000000297DD02046BDE8F04108470026022534
:106E1000002F76D0D54FDFF858C3174001EA0C0C8D
:106E200057EA0C0C6DD05FEAC07C0CD05FEAC15C05
:106E300009D54FF0010CC3F820C0D4F8903043F0CE
:106E40000103C4F89030830709D5D30707D023681E
:106E50001D62D4F8903043F00403C4F89030430727
:106E60000AD5D30708D0256804232B62D4F89030C4
:106E700043F00203C4F8903003070CD501F020035F
:106E80003B4308D0256808232B62D4F8903043F0A8
:106E90000803C4F8903003050BD54B0109D52568CC
:106EA0004FF400632B62D4F8903043F02003C4F811
:106EB0009030D4F89030002B3CD0800609D501F0FA
:106EC000200002F08051084303D0616F09B12046D1
:106ED0008847D4F8900021688968490602D410F0E8
:106EE000280F2DD0204601F08DFE206880684006D6
:106EF00022D52068083050E8001F21F0400101E051
:106F000018E023E040E80012002AF2D1D4F8800013
:106F100068B198490165D4F88000FBF705FA0028AC
:106F200008D0D4F88000016DBDE8F0410847204644
:106F3000FFF74FFFBDE8F0812046FFF74AFFF9E772
:106F40002046FFF746FFC4F89060F3E7E76E012F95
:106F50007ED1C7067CD5CF067AD51020186220686E
:106F600080684FF02003400673D5D4F88020824912
:106F7000106888423AD080491831884236D07E491C
:106F80003031884232D07C49483188422ED07A490B
:106F9000603188422AD078497831884226D07649B3
:106FA0009031884222D07449A83188421ED073495A
:106FB00088421BD071491831884217D06F4930314F
:106FC000884213D06D49483188420FD06B496031F7
:106FD00088420BD069497831884207D0674990319F
:106FE000884203D06549A831884201D1406800E059
:106FF000406880B24FF4807760B3B4F85C1081428F
:1070000040D9A4F85E00D069B84230D0206850E87A
:10701000001F21F4807140E80012002AF6D1206898
:10702000083050E8001F21F0010140E80012002A5A
:10703000F5D12068083050E8001F21F0400140E8F9
:107040000012002AF5D1C4F88C30E666206802E010
:1070500056E023E016E050E8001F21F0100140E860
:107060000012002AF2D1D4F88000FAF7EFFE25676B
:10707000B4F85C00B4F85E10401A81B22046FFF705
:1070800013FE57E7B4F85C108142FAD1D069B842D8
:10709000F7D125672046FFF707FE4BE734F85C0F72
:1070A0006188401A81B260885C3C0028E9D00029E0
:1070B000E7D0206850E8002F22F4907240E80027C3
:1070C000002FF6D1294FFF432068083050E8002FE9
:1070D0003A4040E8002CBCF1000FF5D1C4F88C30E8
:1070E000E6666667206850E8002F22F0100240E84C
:1070F0000023002BF6D125672046FFF7D5FD19E7C1
:10710000C50209D5550207D54FF4801018622046F4
:10711000BDE8F041FFF75CBE03060CD501F080032B
:1071200002F40002134306D0A16F0029A9D0204623
:10713000BDE8F0410847420606D54A0604D5204678
:10714000BDE8F04101F088BD020206D54A0004D531
:107150002046BDE8F041FFF73ABEC00191D50029B5
:107160008FDA2046BDE8F041FFF7E4BD01000010D2
:1071700020010004FF8A00081000024010040240B1
:1071800010B50446002C03D0D4F8880010B107E0F5
:10719000012010BD002084F88400204600F028F86B
:1071A0002420C4F888002068016821F001010160F2
:1071B000A06A10B1204601F0E9FB204601F076FDFF
:1071C000012813D02068416821F490414160206873
:1071D000816821F02A0181602068016841F0010185
:1071E00001602046BDE8104001F034BC012010BD14
:1071F00010B5B8B00446142132A8F9F7D2FAC0216C
:1072000002A8F9F7CEFACA492068884262D1022161
:107210000020CDE90210209002A8FDF733F908B153
:10722000FAF783FD00BFC348006840F48010C149ED
:1072300008600846006800F48010019000BF00BF9D
:1072400000BFBC480838006840F00200B94908395E
:1072500008600846006800F00200019000BF00BF0F
:107260004FF480503290022033900120349000205F
:1072700035900E20369032A9AF48FCF71DFC4FF434
:1072800000503290022033900020349035900E2030
:10729000369032A9A848FCF70FFCA848A849086016
:1072A000412048600021A6488160C1604FF48061A0
:1072B0000161002141618161C16101624162FBF7AD
:1072C0007BFF08B1FAF731FD00BF9D48C4F880008C
:1072D00084632BE19B492068884260D10221002011
:1072E000CDE90210209002A8FDF7CCF808B1FAF71A
:1072F0001CFD00BF8F48006840F000408D490860C9
:107300000846006800F00040019000BF00BF00BFC9
:1073100088480838006840F010008649083908603D
:107320000846006800F01000019000BF00BF012077
:1073300032900220339001203490002035900820B4
:10734000369032A98048FCF7B7FB02203290339088
:107350000020349035900820369032A97A48FCF706
:10736000ABFB7648483879490860512048600021D5
:1073700076488160C1604FF4806101610021416104
:107380008161C16101624162FBF716FF08B1FAF742
:10739000CCFC00BF6D48C4F880008463C6E06C4933
:1073A000206888425FD101210020CDE902102190A0
:1073B00002A8FDF767F808B1FAF7B7FC00BF5D480F
:1073C0000830006840F010005A490831086008464B
:1073D000006800F01000019000BF00BF00BF5548DA
:1073E0000838006840F00200524908390860084631
:1073F000006800F00200019000BF00BF4FF4404061
:107400003290022033900020349035900420369042
:1074100032A94948FCF750FB484830384D490860CC
:107420002920486000214B488160C1604FF4806191
:107430000161002141618161C16101624162FBF72B
:10744000BBFE08B1FAF771FC00BF4248C4F88000E7
:10745000846300BF002206212520FCF74FFD252074
:10746000FCF738FD62E03C49206888425ED1022189
:107470000020CDE90210209002A8FDF703F808B122
:10748000FAF753FC00BF2B48006840F4003029494C
:1074900008600846006800F40030019000BF00BF9B
:1074A00000BF24480838006840F008002149083926
:1074B00008600846006800F00800019000BF00BFA7
:1074C00060203290022033900020349035900720C5
:1074D000369032A92148FCF7EFFA184818382049AD
:1074E00008602B20486000211D488160C1604FF476
:1074F00080610161002141618161C1614FF400310E
:10750000016200214162FBF757FE08B1FAF70DFC5A
:1075100000BF1348C4F88000846300BF002202212A
:107520002620FCF7EBFC2620FCF7D4FC38B010BD7D
:1075300000500040E844025800040258580002403D
:1075400064560024007C004000100258DC560024E1
:10755000001001405457002400440040000C025821
:10756000CC570024704770472DE9F84304460E4677
:1075700015461F46D4F88800202802D00220BDE816
:10758000F8838EB185B100201834A06721202067D0
:10759000FCF79CFB8146A587E58754F8100C183C46
:1075A000B0F5805F02D003E00120E8E7206920B158
:1075B000354600264FF0200817E00025FAE70022A4
:1075C0004B4680212046009701F00AFE18B1C4F80E
:1075D00088800320D3E7C5B1216815F8010B8862C4
:1075E000B4F85600401EA4F85600B4F8560000281F
:1075F000E5D100224B4640212046009701F0F0FDE6
:1076000050B1C4F888800320B9E7216836F8020B2E
:10761000C0F308008862E3E7C4F888800020AEE782
:10762000704700BFFEE7000030B504463E4800F05A
:1076300089F80546012D00D130BD3B48B0F9000066
:1076400000EE100AB8EEC00B9FED381B20EE010BC8
:1076500084ED000B3448B0F9020000EE100AB8EED9
:10766000C00B9FED321B20EE010B84ED020B2E4868
:10767000B0F9040000EE100AB8EEC00B9FED2B1B12
:1076800020EE010B84ED040B2748B0F9060000EE54
:10769000100AB8EEC00B9FED271B20EE010B84ED06
:1076A000060B2148B0F9080000EE100AB8EEC00B36
:1076B0009FED201B20EE010B84ED080B1A48B0F95A
:1076C0000A0000EE100AB8EEC00B9FED1A1B20EE68
:1076D000010B84ED0A0B1448B0F9120000EE100AF9
:1076E000B8EEC00B9FED151B20EE010B84ED140BC3
:1076F0000D48B0F9140000EE100AB8EEC00B9FED73
:107700000F1B20EE010B84ED120B0748B0F9160099
:1077100000EE100AB8EEC00B9FED081B20EE010B27
:1077200084ED160B00BF87E7205900241BE8EB43CC
:107730002800403FC79DD2C1FA3FAF3F9C2F9BA579
:107740000980763FF0B50246002400214F480078BA
:1077500001286ED14E4800780B2804DA00204B4BEC
:1077600018700120F0BD0BE0481CC1B248480078F9
:10777000401A0B2804DA0020444B18700120F1E76E
:107780004448405C552805D0424B01F10B00185C81
:107790005528E9D1002071E000EB400303EBC00362
:1077A0000B443C4DEB5C512B04D0522B21D0532B7E
:1077B00061D13FE08D1CEBB218E000EB400505EB1A
:1077C000C0051D44334E765D00EB400505EBC00758
:1077D0005D1C3D442F4F7D5D46EA05252FB22546B1
:1077E000661CF4B222F815709D1CEBB2072BE4DB8B
:1077F00041E08D1CEBB219E000EB400505EBC00544
:107800001D44244E765D00EB400505EBC0075D1C72
:107810003D44204F7D5D46EA05252FB22546661C76
:10782000F4B2961D26F815709D1CEBB2072BE3DB16
:1078300021E029E08D1CEBB21AE000EB400505EBDE
:10784000C0051D44134E765D00EB400505EBC007F7
:107850005D1C3D440F4F7D5D46EA05252FB2254650
:10786000661CF4B202F1120626F815709D1CEBB2EC
:10787000072BE2DB00BF00BF431CD8B203288BDB21
:107880000020024B18706DE701206BE79400002484
:1078900096000024F45800241FB5002000900190A9
:1078A00002900390FCF7CAFA01208DF80000002036
:1078B0008DF8010001901F208DF8080087208DF8B9
:1078C000090000208DF80A008DF80B0001208DF8CA
:1078D0000C008DF80D0000208DF80E008DF80F00C3
:1078E0006846FCF77DFA0420FCF7BEFA1FBD0000D5
:1078F00008B500BF1A48006840F001001849086048
:107900000846006800F00100009000BF00BF0022A0
:1079100001210B20FCF7F2FA0B20FCF7DBFA002226
:1079200011460C20FCF7EAFA0C20FCF7D3FA0022EF
:1079300001210D20FCF7E2FA0D20FCF7CBFA002222
:1079400011460E20FCF7DAFA0E20FCF7C3FA0022EB
:1079500011466620FCF7D2FA6620FCF7BBFA08BD98
:10796000D84402582DE9F04186B0142101A8F8F757
:1079700018FF2748016841F080010160016801F0AB
:1079800080010091016841F001010160016801F08E
:1079900001010091016841F002010160016801F0FC
:1079A00002010091016841F010010160016801F0DD
:1079B00010010091016841F008010160006800F0C9
:1079C00008000090DFF84C804FF4E044002221468C
:1079D0004046FCF76FF9104F4FF400660022314625
:1079E0003846FCF767F901940124029403940025BA
:1079F000049501A94046FCF75FF8019602940394B0
:107A0000049501A93846FCF757F806B0BDE8F081A7
:107A1000E044025800100258000C025810B50C48FF
:107A20000A49016040F65F114160002181606322D4
:107A3000C260016141618161FEF794FB002803D0BF
:107A4000BDE81040FAF771B910BD000000440140D4
:107A50007C53002410B50C480A49016040F65F11C0
:107A600041600021816040F2F312C2600161416116
:107A70008161FEF777FB002803D0BDE81040FAF7DC
:107A800054B910BD00480140C853002410B58CB053
:107A9000242103A8F8F785FE0024009401940294A1
:107AA000164815490160446084604FF6FF71C1605B
:107AB00004614461846103200390049401210591D1
:107AC00006940A200790089409910A940B9003A940
:107AD0000A48FEF7BBFC08B1FAF727F900940194B5
:107AE000029469460548FEF7D7FA002801D0FAF754
:107AF0001CF90CB010BD0000000001404C520024E5
:107B000010B58CB0242103A8F8F74BFE0024009494
:107B1000019402944FF080411348016044608460F6
:107B2000611EC160046184610320039004940121FB
:107B3000059106940A200790089409910A940B90E5
:107B400003A90948FEF782FC08B1FAF7EEF80094A1
:107B5000029469460448FEF79FFA002801D0FAF71C
:107B6000E4F80CB010BD00009852002410B58EB09F
:107B700000240A940B940C940D940794089409948F
:107B80001C216846F8F70DFE2A482949016040F695
:107B90005F11416084606321C16004618461FEF70C
:107BA000E1FA08B1FAF7C1F84FF480500A90214881
:107BB0000AA9FEF7B1FB08B1FAF7B7F81D48FEF7BE
:107BC00032FF08B1FAF7B1F80794099407A91948E8
:107BD000FEF762FA08B1FAF7A8F860200090019465
:107BE00002940494002213486946FEF764FE08B12B
:107BF000FAF79BF80F4804226946FEF75CFE08B1CD
:107C0000FAF793F80B4808226946FEF754FE08B1CC
:107C1000FAF78BF807480C226946FEF74CFE08B1CC
:107C2000FAF783F80348FEF701FE0EB010BD00001E
:107C300000040040E452002410B58EB000240A94E1
:107C40000B940C940D940794089409941C21684695
:107C5000F8F7A7FD2A482949016040F65F11416005
:107C6000846040F2CF71C16004618461FEF77AFAEA
:107C700008B1FAF75AF84FF480500A9020480AA940
:107C8000FEF74AFB08B1FAF750F81D48FEF7CBFEA5
:107C900008B1FAF74AF80794099407A91848FEF7BB
:107CA000FBF908B1FAF741F86020009001940294C2
:107CB0000494002212486946FEF7FDFD08B1FAF768
:107CC00034F80F4804226946FEF7F5FD08B1FAF7CB
:107CD0002CF80B4808226946FEF7EDFD08B1FAF7CB
:107CE00024F807480C226946FEF7E5FD08B1FAF7CB
:107CF0001CF80348FEF79AFD0EB010BD00080040C6
:107D00003053002410B51848184908604FF4E1308A
:107D10004860002115488160C16001610C2141610A
:107D200000218161C1610162416200200F498862C6
:107D30000846FFF725FA08B1F9F7F7FF00210B48CD
:107D4000FFF71FF808B1F9F7F0FF00210748FEF729
:107D5000F2FF08B1F9F7E9FF0448FEF75CFF08B14C
:107D6000F9F7E3FF10BD0000005000401454002458
:107D700010B51848184908604FF4165048600021A3
:107D800015488160C16001610C2141610021816160
:107D9000C1610162416200200F4988620846FFF715
:107DA000EFF908B1F9F7C1FF00210B48FEF7E9FF31
:107DB00008B1F9F7BAFF00210748FEF7BCFF08B188
:107DC000F9F7B3FF0448FEF726FF08B1F9F7ADFF56
:107DD00010BD0000007C0040A854002410B51848D5
:107DE000184908604FF4E13048600021154881606F
:107DF000C16001610C21416100218161C1610162A9
:107E0000416200200F4988620846FFF7B9F908B1BE
:107E1000F9F78BFF00210B48FEF7B3FF08B1F9F724
:107E200084FF00210748FEF786FF08B1F9F77DFFC0
:107E30000448FEF7F0FE08B1F9F777FF10BD000027
:107E4000001001403C55002410B51848184908603E
:107E50004FF4E1304860002115488160C160016144
:107E60000C21416100218161C161016241620020F8
:107E70000F4988620846FFF783F908B1F9F755FF03
:107E800000210B48FEF77DFF08B1F9F74EFF0021F6
:107E90000748FEF750FF08B1F9F747FF0448FEF71F
:107EA000BAFE08B1F9F741FF10BD000000440040E0
:107EB000D055002400BFFEE700BFFEE72DE9F041EA
:107EC00004460E4600275548006800F003000328CA
:107ED00002D10120BDE8F08150482838006820F028
:107EE00080604E4928390860FBF7F0FE054606E041
:107EF000FBF7ECFE401B022801D90320EAE74748C4
:107F000028380068C0F3C0600028F1D100BF4348A2
:107F1000006820F47C30216840EA01303F49086065
:107F2000A088401EC0F30800A168491E4FF47E429D
:107F300002EA41210843A189491ED20102EA014116
:107F40000843217C491E120202EA016108433349B9
:107F50001031086000BF3148001D006820F0C000EB
:107F6000616908432D49091D08600846006820F032
:107F70002000A16908432949091D086008460068D6
:107F800020F0100008602548143000684FF6F871A2
:107F90008843E16940EAC1002049143108601F4864
:107FA000001D006840F010001C49091D08602EB932
:107FB0000846006840F40020086012E0012E08D155
:107FC0001648001D006840F480101449091D08601F
:107FD00007E01248001D006840F400100F49091D19
:107FE00008600E482838006840F080600B49283946
:107FF0000860FBF76BFE054606E0FBF767FE401BDB
:10800000022801D9032065E7044828380068C0F336
:10801000C0600028F1D038465CE7000028440258D0
:108020002DE9F04104460E4600275548006800F04F
:108030000300032802D10120BDE8F0815048283810
:10804000006820F080504E4928390860FBF73EFE5A
:10805000054606E0FBF73AFE401B022801D9032043
:10806000EAE7474828380068C0F340700028F1D19B
:1080700000BF4348006820F07C70218840EA01502E
:108080003F490860A088401EC0F30800A168491E4F
:108090004FF47E4202EA41210843A189491ED201E0
:1080A00002EA01410843217C491E120202EA0161F1
:1080B000084333491831086000BF3148001D00688B
:1080C00020F44060616908432D49091D0860084695
:1080D000006820F40070A16908432949091D08605F
:1080E0000846006820F48070086025481C3000684D
:1080F0004FF6F8718843E16940EAC10020491C311C
:1081000008601F48001D006840F480701C49091D6C
:1081100008602EB90846006840F48000086012E04C
:10812000012E08D11648001D006840F400001449D3
:10813000091D086007E01248001D006840F08070CB
:108140000F49091D08600E482838006840F080502B
:108150000B4928390860FBF7B9FD054606E0FBF737
:10816000B5FD401B022801D9032065E704482838E3
:108170000068C0F340700028F1D038465CE700008A
:10818000284402581CB50648012100238022CDE96D
:10819000001004A1084801F0A7FD01F0BBFC1CBDC4
:1081A000980000245265736375655F4361725F5385
:1081B0007461727400000000BD8100081CB50446A3
:1081C00001F0A0FB1148042100238022CDE900101A
:1081D0000FA1124801F088FD1148032100238022DD
:1081E000CDE900100FA1134801F07EFD12480221D5
:1081F00000238022CDE9001010A1134801F074FD86
:10820000002001F02DFC01F0A1FB1CBD9C0000240E
:10821000446174615F5461736B000000ED1C0008E1
:10822000A0000024436F6E74726F6C5F5461736BB7
:108230000000000033170008A400002453686F7783
:108240005F5461736B0000004D82000808B5002088
:1082500000900CE00648008830B1002004490880F6
:108260006846F9F773FD00BF322001F0CFFBF1E75C
:108270009851002410B501F0BDFD012801D001F096
:108280001BFD10BD00B59DB04C210AA8F8F789FA76
:10829000202102A8F8F785FA0220FBF781FE00BF33
:1082A000002001902948006840F4404027490860B8
:1082B0000846006800F4404001902548006840F0FE
:1082C0000100234908600846006800F001000190A1
:1082D00000BF00BF00BF1D48006800F40050B0F5AB
:1082E000005FF8D101200A9000040B900220139047
:1082F000022114910121159150211691022117910B
:10830000189119910C211A9100211B911C910AA816
:10831000FDF792FA08B1F9F708FD3F20029003201B
:1083200003900020049008200590402006900790BC
:108330000001089040200990042102A8FCF756FF94
:1083400008B1F9F7F2FC1DB000BD00001848025852
:108350002C04005810B53248016841F470010160E6
:10836000304A106800F00F00072804D2106820F08F
:108370000F00C01D10602C49086840F00100086023
:10838000294B0020103318600B68284C23400B60E9
:10839000136803F00F03072B04D9136823F00F03AE
:1083A000DB1D1360204A18321060121D1060121D70
:1083B00010601D4B1E4A28331A601B1D1D4A1A608F
:1083C0001B1D1D4A1A601B1D18601B1D1A601B1DFA
:1083D00018601B1D1A601A1D10600A6822F48022A2
:1083E0000A60114960310860144800686FF30F009B
:1083F000B0F1005F02D21248012101600A48D43076
:108400000168C9040BD4016841F4805101600D4A30
:1084100043F2D2011160016821F48051016010BD66
:1084200088ED00E000200052004402587FEDF6EA9B
:10843000000202020000FF01800201010010005C46
:10844000088100510040005210B50248FEF721F9A2
:1084500010BD0000C853002410B50248FEF719F9FA
:1084600010BD00004458002410B502682B4B984200
:108470000ED0B0F1804F0BD0294B984208D0294B39
:10848000984205D0284B984202D0284B984203D1FD
:1084900022F070024B681A43204B984217D0B0F17B
:1084A000804F14D01E4B984211D01E4B98420ED0D4
:1084B0001D4B98420BD01D4B984208D01C4B984244
:1084C00005D01C4B984202D01B4B984203D122F49A
:1084D0004072CB681A4322F080034C6943EA0402DD
:1084E0008B68C3620B6883620C4B98420BD00F4BB6
:1084F000984208D00E4B984205D00E4B984202D0BD
:108500000D4B984201D10B690363036843F00403E8
:10851000036001234361026010BD000000000140C0
:108520000004004000080040000C0040000401402E
:1085300000400140004401400048014030B501F0D6
:108540001F05012404FA05F3046A9C430462046ACB
:1085500001F01F0502FA05F52C43046230BD30B569
:108560000C46816821F47F4142EA032525432943D3
:10857000816030BD0A468168034B194042F0070311
:1085800019438160704700008FFFCFFF30B5026A4A
:10859000056A25F00105056243688469204D2C4079
:1085A00024F003040D682C4322F002028D682A4354
:1085B0001C4DA84200D10FE01B4DA84200D10BE09A
:1085C0001A4DA84200D107E0194DA84200D103E09E
:1085D000184DA84206D100BF22F00802CD682A43F8
:1085E00022F004020F4DA8420BD00F4DA84208D034
:1085F0000E4DA84205D00E4DA84202D00D4DA84206
:1086000007D123F4807323F400734D692B438D69E4
:108610002B43436084614D684563026230BD0000B6
:108620008FFFFEFF000001400004014000400140B8
:10863000004401400048014030B5026A056A25F057
:108640001005056243688469224D2C4024F440746F
:108650000D6844EA052422F020028D6842EA0512E2
:108660001D4DA84200D10FE01C4DA84200D10BE0E7
:108670001B4DA84200D100BF1A4DA84200D100BF37
:10868000194DA84207D106E022F08002CD6842EAE7
:10869000051222F04002104DA8420BD00F4DA84207
:1086A00008D00F4DA84205D00E4DA84202D00E4D65
:1086B000A84209D123F4806323F400634D6943EA9F
:1086C00085038D6943EA8503436084614D68856352
:1086D000026230BDFF8FFFFE000001400004014038
:1086E00000400140004401400048014030B5026AAA
:1086F000056A25F4807505624368C469224D2C40E3
:1087000024F003040D682C4322F400728D6842EAC1
:1087100005221E4DA84200D10FE01D4DA84200D1F8
:108720000BE01C4DA84200D100BF1B4DA84200D158
:1087300000BF1A4DA84207D106E022F40062CD68BE
:1087400042EA052222F48062104DA8420BD0104D5F
:10875000A84208D00F4DA84205D00F4DA84202D024
:108760000E4DA84209D123F4805323F400534D69E0
:1087700043EA05138D6943EA05134360C4614D68FC
:10878000C563026230BD00008FFFFEFF00000140A4
:108790000004014000400140004401400048014005
:1087A00030B5036A056A25F4805505624468C269DC
:1087B000124D2A4022F440720D6842EA052223F449
:1087C00000538D6843EA05330D4DA8420BD00D4D83
:1087D000A84208D00C4DA84205D00C4DA84202D0AA
:1087E0000B4DA84204D124F480444D6944EA851419
:1087F0004460C2614D680564036230BDFF8FFFFEB7
:1088000000000140000401400040014000440140DC
:108810000048014030B5026A056A25F480350562DA
:108820004368446D114D2C400D682C4322F40032F6
:108830000D8942EA05420E4DA8420BD00D4DA842CB
:1088400008D00D4DA84205D00C4DA84202D00C4DC9
:10885000A84204D123F480334D6943EA05234360E1
:1088600044654D688565026230BD00008FFFFEFFE4
:10887000000001400004014000400140004401406C
:108880000048014030B5026A056A25F4801505628A
:108890004368446D114D2C400D6844EA052422F4D0
:1088A00000120D8942EA05520D4DA8420BD00D4D24
:1088B000A84208D00C4DA84205D00C4DA84202D0C9
:1088C0000B4DA84204D123F480234D6943EA85234C
:1088D000436044654D68C565026230BDFF8FFFFE91
:1088E00000000140000401400040014000440140FC
:1088F0000048014030B50B461446026A056A25F06F
:1089000001050562816921F0F00141EA041122F0BC
:108910000A021A438161026230BD30B50B4614462B
:10892000026A056A25F010050562816921F470412B
:1089300041EA043122F0A00242EA0312816102629C
:1089400030BD000030B5416E002917D00268916833
:10895000C1F342619268520F0B4B9C5C250103F1FD
:108960000804A25CB5FBF2F2A0F86A205A5C615CD4
:108970001201B2FBF1F1A0F8681030BD012168309E
:108980004180018030BD0000DAA0000890F8281076
:10899000090706D501684A68836B22F400421A432E
:1089A0004A6090F82810C90706D001684A68C36A6F
:1089B00022F400321A434A6090F82810890706D53D
:1089C00001684A68036B22F480321A434A6090F8C7
:1089D0002810490706D501684A68436B22F48022B3
:1089E0001A434A6090F82810C90606D501688A68BB
:1089F000C36B22F480521A438A6090F828108906CB
:108A000006D501688A68036C22F400521A438A6012
:108A100090F82810490611D501684A68436C22F481
:108A200080121A434A60416CB1F5801F06D101687B
:108A30004A68836C22F4C0021A434A6090F82810F6
:108A4000090606D501684A68C06C22F40022024378
:108A50004A6070472DE9F84304460025C4F8905059
:108A6000FBF734F98046206800686FF07E474FF0CE
:108A70002006000716D50022434631042046009701
:108A800000F0AEFB70B1206850E8001F21F08001BB
:108A900040E80012002AF6D1843466602570032075
:108AA000BDE8F88320680068400720D500224346CF
:108AB0004FF480012046009700F092FBB8B1206887
:108AC00050E8001F21F4907140E80012002AF6D10E
:108AD0002068083050E8001F21F0010140E8001232
:108AE000002AF5D18434A66025700320D8E76C34C1
:108AF000E66126622560656025760020D0E710B526
:108B0000806B0021A0F85E10FEF763F910BD70B510
:108B1000846BD4F88800D4F88C50216889684FF0B1
:108B20000006090606D5212804D1A4F8566020467F
:108B300000F0A4F820688068400606D5222D04D1F4
:108B4000A4F85E60204600F05DF8D4F8900040F094
:108B50001000C4F890002046FEF73BF970BD0146B6
:108B600010B5886B0023C969B1F5807F2DD0A0F8BE
:108B70005E30016851E8002F22F4807241E8002441
:108B8000002CF6D10168083151E8002F22F00102D3
:108B900041E80024002CF5D10168083151E8002F8C
:108BA00022F0400241E80024002CF5D12021C0F839
:108BB0008C10C16E012908D1016851E8002F22F004
:108BC000100241E80024002CF6D10367C16E012990
:108BD00002D0FEF7C7FC10BDB0F85C10FEF764F8D9
:108BE00010BD10B5806B01210167C16E012902D053
:108BF000FEF7B9FC10BDB0F85C104908FEF754F858
:108C000010BD000010B5016851E8002F22F49072E9
:108C100041E80023002BF6D10E4B0168083151E8E2
:108C2000002F1A4041E80024002CF6D1C16E012922
:108C300008D1016851E8002F22F0100241E800231A
:108C4000002BF6D12021C0F88C100021C1664167AD
:108C500010BD0000FEFFFFEF10B5016851E8002FC6
:108C600022F0400241E80023002BF6D12021C0F879
:108C7000881000218167FEF7D3FC10BD016851E820
:108C8000002F22F0C00241E80023002BF6D101683A
:108C9000083151E8002F22F4000241E80023002BA4
:108CA000F5D12021C0F88810704700002DE9F0436D
:108CB00087B004460025DFF8F88320682269A168A0
:108CC000E369114362691A4311430268F94B1A4080
:108CD0000A43026020684168E26821F44051114370
:108CE0004160A0692168414501D0226A10438A6829
:108CF000F14B1A4002438A602068C16A626A21F01F
:108D00000F011143C162ED492268ED488A421DD12D
:108D1000006800F03800182812D005DC50B108288F
:108D20000AD0102804D109E020280BD028280BD025
:108D30008021EBE00121E9E00421E7E00821E5E002
:108D40001021E3E02021E1E04021DFE0DD498A421B
:108D500017D1006800F00700062810D2DFE800F005
:108D6000030507090B0D0021D0E00421CEE0082106
:108D7000CCE01021CAE02021C8E04021C6E08021DB
:108D8000C4E0D1498A4217D1006800F007000628E4
:108D900010D2DFE800F0030507090B0D0021B5E054
:108DA0000421B3E00821B1E01021AFE02021ADE0C3
:108DB0004021ABE08021A9E0C4498A4217D1006874
:108DC00000F00700062810D2DFE800F003050709CD
:108DD0000B0D00219AE0042198E0082196E0102173
:108DE00094E0202192E0402190E080218EE0B8497B
:108DF0008A4217D1006800F00700062810D2DFE889
:108E000000F0030507090B0D00217FE004217DE040
:108E100008217BE0102179E0202177E0402175E0F6
:108E2000802173E0AB498A421DD1006800F0380010
:108E3000182812D005DC50B108280AD0102804D117
:108E400009E020280BD028280BD080215EE00121EA
:108E50005CE004215AE0082158E0102156E020216E
:108E600054E0402152E09C498A4217D1006800F04A
:108E70000700062810D2DFE800F0030507090B0DF4
:108E8000002143E0042141E008213FE010213DE0C2
:108E900020213BE0402139E0802137E08F498A42A0
:108EA00017D1006800F00700062810D2DFE800F0B4
:108EB000030507090B0D002128E0042126E0082105
:108EC00024E0102122E0202120E040211EE080212A
:108ED0001CE0424519D17A48001D006800F00700E7
:108EE000062810D2DFE800F0030507090B0D022168
:108EF0000CE004210AE0082108E0102106E020210E
:108F000004E0402102E0802100E0802174486C4BA5
:108F10000027744E4FF40049543B42454FEA201C51
:108F200053D110292AD006DC02291AD004291BD0DB
:108F3000082904D11DE0202928D0402928D000206C
:108F40000125E8B3616A36F81120B0FBF2F16668DA
:108F500006EB46038B4202D8B1EB063F1AD9012536
:108F6000E2E0FBF74DF8ECE704A8FBF75BF80598A7
:108F7000E7E701A8FBF76EF90298E2E719688906AE
:108F8000DFD51968C1F3C101C840DAE76046D8E708
:108F90004846D6E700231946F7F760FA09020202AD
:108FA00041EA106170081018324679410023F7F742
:108FB00055FA4D4AA0F54071914204D8216800E06D
:108FC0004AE0C860B0E00125AEE0E2694FF6EF7814
:108FD0004A4548D1082932D005DC29B3012926D0D9
:108FE000042906D126E010292ED0202935D0402989
:108FF00035D00020012578B3616A36F81110B0FB36
:10900000F1F04100606801EB5001B1FBF0F0A0F11C
:109010001001414525D84FF6F0710140C0F34200E0
:1090200001432068C1607FE0FCF7CCFAE3E7FCF77E
:10903000DBFAE0E704A8FAF7F5FF0598DBE701A8FB
:10904000FBF708F90298D6E719688906D3D519689D
:10905000C1F3C101C840CEE748E06046CBE74846CF
:10906000C9E7012560E008294CD005DCF9B10129E8
:1090700040D0042906D140E0102948D020294ED004
:1090800040294ED00020012580B3616A36F81110C6
:10909000B0FBF1F1606801EB5001B1FBF0F0A0F121
:1090A000100141453FD8216880B2C8603CE01EE015
:1090B000000C0058F369FFCFFFF4FF1100100140CE
:1090C000544402580044004000480040004C004016
:1090D000005000400014014000780040007C004037
:1090E0000090D003C2A00008FFFC0F001CE0FCF7BA
:1090F00069FAC9E7FCF778FAC6E704A8FAF792FF1D
:109100000598C1E701A8FBF7A5F80298BCE7196824
:109110008906B9D51968C1F3C101C840B4E76046F2
:10912000B2E74846B0E7012501206834608020801E
:10913000E760276107B02846BDE8F08370B50446B4
:1091400044F8581FA2800021A16322206063A06A16
:10915000583C00281DD01F4BC363241D1E48E36FDD
:109160001864E36F1D48D864E06F0165134654F836
:10917000041CE56F606D2431241F02462846FAF76F
:10918000ABFA30B110208C346060202020600120C8
:1091900070BD206940B1206850E8001F41F4807123
:1091A00040E80012002AF6D12068083050E8001F7D
:1091B00041F0010140E80012002AF5D12068083092
:1091C00050E8001F41F0400140E80012002AF5D1AC
:1091D000002070BD5F8B0008E38B00080F8B000838
:1091E0002DE9F04704460D4617469846089E4FF075
:1091F000000935E0701C33D0FAF768FDA0EB0800D9
:10920000B04219D8C6B120680168490728D5802D19
:1092100026D0402D24D0C169C94309070ED4206847
:10922000082505622046FFF7EDFCC4F8905084F84D
:1092300084900120BDE8F0870320FBE7C069C043AC
:1092400000050DD421684FF4006008622046FFF746
:10925000D9FC2020C4F8900084F884900320E9E72A
:109260002068C06935EA000004D00020B842C1D0AF
:109270000020DFE70120F9E710B50248FDF7AAFD5D
:1092800010BD00003C55002410B50248FDF7A2FDBA
:1092900010BD0000D055002400BFFEE703B40198C4
:1092A0004100009850EAC12018BF04204A0D18BFA1
:1092B00040F0010040F2FF72B2EB515F08BF40F096
:1092C0000200012808BF052002B07047024800686C
:1092D000C0F30220704700000CED00E010B500283C
:1092E00004DB0A07130E054A135406E00A07140E9E
:1092F000034A00F00F031B1FD45410BD00E400E02C
:1093000018ED00E030380A2801D201207047002013
:10931000704770B5034600246BB1002009E00D18BA
:10932000555D303D04EB840605EB4605ACB2451CAB
:10933000E8B29842F3DB204670BD0146002070473A
:1093400013B50C464FF6FF73012269460248FEF73B
:109350000BF900981CBD00003C550024FEF79CFA58
:10936000FAF7C6FCFEF78EFFFEF7FCFAFEF7C0FA2E
:10937000FEF78CFBFEF7FAFBFEF730FDFEF76AFB0B
:10938000FEF7BEFBFEF758FCFEF7F2FCFEF7BAFC58
:10939000FEF744FBFEF758FD08210C48FDF77CFB67
:1093A0000C210A48FDF778FB3C210948FDF70AF932
:1093B0003C210848FDF706F92C2207490748FDF72C
:1093C00049FCFEF7DFFE00BFFEE70000E452002488
:1093D0004C5200249852002490580024D055002468
:1093E0002DE9F04104460F461E4DEE682868001D29
:1093F00000F042FA38B9286890F82C100120884013
:10940000296981432961601C15D1A7B116494868B3
:109410002A68906082682B68DA602A688368121D67
:109420005A602A68121D8260286841610868401CE1
:109430000860BDE8F081344428684460B44206D234
:109440002968E86B091DBDE8F04100F036BA2968CB
:10945000A86B091D00F031FAA86A8442E9D2AC6217
:10946000E7E70000140000248401002470B50446DE
:1094700000F048FA254DA868401CA860286810B183
:10948000686938B10CE02C60A868012808D100F0A8
:10949000F9F805E02868E16AC06A884200D82C60C3
:1094A000686A401C686260640121E06A2A69814040
:1094B00011432961164A00EB800002EB80004068EE
:1094C000A0608168E160211D836859608160E06A65
:1094D00000EB800002EB8001616152F82010491C12
:1094E00042F8201000F032FA686900280CD0286891
:1094F000E16AC06A884207D206494FF0805008608E
:10950000BFF34F8FBFF36F8F70BD000014000024B6
:10951000A800002404ED00E070B50C4D0C4E11E0E5
:1095200000F0F0F9F068C468201D00F0A5F9A86803
:10953000401EA8606868401E686000F007FA204678
:1095400000F008F868680028EAD170BD1400002413
:109550007001002410B50446206B00F00FFA20467D
:10956000BDE8104000F00ABA4FF4A0410E4842078F
:1095700006D0C01D20F007000B49411AC1F5A041DB
:109580000A4B186000225A600144083921F0070193
:10959000143B19604A600A600A1A42600160406820
:1095A000986058607047000098010024680000240B
:1095B000074E4FF08054074DFFF7AEFF306801288B
:1095C000FAD92C60BFF34F8FBFF36F8FF4E7000021
:1095D000A800002404ED00E02DE9F04781460D4687
:1095E00017469A46DDE908680A9CB900A522206B57
:1095F000F7F7ADF8206B7F1E00EB870020F0070720
:10960000780709D0502072B680F31188BFF34F8FCE
:10961000BFF36F8F62B6FEE765B100202218295CA8
:1096200082F83410295C11B1401C1028F6D30020B8
:1096300084F84300072E09D3502072B680F31188B6
:10964000BFF34F8FBFF36F8F62B6FEE7E662E6644B
:10965000201D00F02FF904F1180000F02BF924610F
:10966000C6F10700A061646252464946384600F0E0
:10967000F1F82060B8F1000F01D0C8F80040BDE853
:10968000F087000070B50024124D04EB840005EB58
:10969000800000F004F9641C072CF6D30D488C30D0
:1096A00000F0FDF80B48A03000F0F9F80948B4309C
:1096B00000F0F5F80748C83000F0F1F80548DC3054
:1096C00000F0EDF8044803498C3181631431C16323
:1096D00070BD0000A80000241400002430B5134918
:1096E00000E011460A688242FBD34B685C18844252
:1096F00003D140681844486008460D684468231840
:10970000AB420DD1094B143B1B689A4206D05268FC
:10971000224442600A681268026002E0036000E0CE
:109720000260814200D0086030BD00006800002463
:109730000648816B0968002904D0816BC9680968F3
:10974000816270474FF0FF3181627047140000243E
:109750000B484068401C09D0502072B680F3118835
:10976000BFF34F8FBFF36F8F62B6FEE7502072B624
:1097700080F31188BFF34F8FBFF36F8F62B6FEE7A0
:10978000700000242DE9F0410546002600F0FAF9AA
:109790002F4F386808B9FFF7E7FE4DB105F0070015
:1097A000C0F11000C1438D4201D8054400E00025FE
:1097B000002D3BDD7868854238D8254914310846AC
:1097C000046801E0214604466068A84202D220688D
:1097D0000028F7D13868844228D00E6808362068FF
:1097E00008606068411B102910D96019420709D030
:1097F000502072B680F31188BFF34F8FBFF36F8F85
:1098000062B6FEE741606560FFF768FF61687868EF
:10981000401A7860BA68904200D2B86041F00040C7
:10982000606000202060F868401CF86000F090FB49
:10983000700709D0502072B680F31188BFF34F8FA4
:10984000BFF36F8F62B6FEE73046BDE8F0810000DF
:109850005400002424384FF08073036221F001018A
:10986000C1610449816142606FF0020140F8201932
:1098700070470000519700080169D0E901329A60F1
:10988000D0E901235A604A68824201D182684A6065
:10989000002202610868401E08600868704700F1F5
:1098A000080141604FF0FF328260C1600161002118
:1098B0000160704700210161704730B50C68621C7F
:1098C00002D000F1080202E0026904E01A4653687F
:1098D0001D68A542FAD953684B6099608A6051604F
:1098E00008610168491C016030BD42684A609368A4
:1098F0008B6093685960916008610168491C016040
:1099000070470000502072B680F31188BFF34F8F6C
:10991000BFF36F8F62B60B494868401C486001284E
:109920000ED10948006810F0FF0F09D0502072B620
:1099300080F31188BFF34F8FBFF36F8F62B6FEE7DE
:10994000704700007000002404ED00E00A494868F8
:10995000002806D0401E4860002801D180F31188FD
:109960007047502072B680F31188BFF34F8FBFF35A
:109970006F8F62B6FEE700007000002470B500280B
:109980002ED0083804466068002809DB502072B6E3
:1099900080F31188BFF34F8FBFF36F8F62B6FEE77E
:1099A000216849B1502072B680F31188BFF34F8F00
:1099B000BFF36F8F62B6FEE720F00040606000F0FA
:1099C000E1F8084D60686968084468602046FFF760
:1099D00085FE2869401C2861BDE8704000F0B8BAD7
:1099E00070BD0000540000244FF0E0200021016110
:1099F00081614FF47A7204490968B1FBF2F1491EA2
:109A000041610721016170470C000024024610B536
:109A10000020002A14D01048406B48B1502072B684
:109A200080F31188BFF34F8FBFF36F8F62B6FEE7ED
:109A300000F0A8F800211046FFF7D2FC00F088FAE9
:109A4000002807D105494FF080500860BFF34F8FC1
:109A5000BFF36F8F10BD00001400002404ED00E080
:109A600070B50446FFF74EFF274D04B92C68201D42
:109A7000FFF702FF58B9E06A244A00EB800152F870
:109A8000211021B901218140286988432861A06AF9
:109A900018B104F11800FFF7EFFE686A401C686215
:109AA0002868844208D11948211DC830FFF71DFFDE
:109AB0006868401C686004E0A868401EA860FFF762
:109AC00037FEFFF743FF2868844202D02046FFF7A5
:109AD00041FD6869002816D02868844213D1686B5C
:109AE00048B1502072B680F31188BFF34F8FBFF397
:109AF0006F8F62B6FEE706494FF080500860BFF3F3
:109B00004F8FBFF36F8F70BD14000024A800002496
:109B100004ED00E07CB51748002580222B4616A1F5
:109B2000CDE90050164800F0DFF8124C2C3C01281B
:109B300002D0401C13D010E0502072B680F3118880
:109B4000BFF34F8FBFF36F8F62B64FF0FF30A0624D
:109B500001206061E56000F04FF8206B7CBD502073
:109B600072B680F31188BFF34F8FBFF36F8F62B669
:109B7000FEE700004000002449444C45000000007E
:109B8000B19500080248416B491C416370470000D1
:109B900014000024164A506B002802D00120D06126
:109BA00070470020D0611069B0FA80F0C0F11F004A
:109BB000104900EB800051F8203073B101EB8000B8
:109BC00041684968416000F10803994201D1496840
:109BD00041604068C06810607047502072B680F3E2
:109BE0001188BFF34F8FBFF36F8F62B6FEE700009F
:109BF00014000024A80000241CB52B49087801900B
:109C0000FF200870087800909DF800009DF8002063
:109C100000F0F000904209D0502072B680F3118815
:109C2000BFF34F8FBFF36F8F62B6FEE79DF8000062
:109C30001E4C00F0500020700720A06006E0A068D5
:109C4000401EA0609DF80000400000909DF80000BC
:109C50000006F4D4A068032809D0502072B680F31F
:109C60001188BFF34F8FBFF36F8F62B6FEE74FF4DB
:109C70004070A060019808700D48016841F47001BF
:109C80000160016841F070410160FFF7ADFE002006
:109C90006060F6F781FB0748016841F040410160D0
:109CA000F6F766FB00201CBD00E400E07000002415
:109CB00020ED00E034EF00E010B5502072B680F3E4
:109CC0001188BFF34F8FBFF36F8F62B600F0A6F815
:109CD00018B104494FF080500860002080F31188CB
:109CE00010BD000004ED00E02DE9FF5F81468A46CB
:109CF00016469B46DDE90E78B000FFF743FD0546AA
:109D000028000ED05C20FFF73DFD04462CB15C21FD
:109D10002046F6F746FD256304E02846FFF72EFEB1
:109D200000E000248CB100205B46CDE9007832468B
:109D30005146CDE902404846FFF74EFC2046FFF76A
:109D400095FB012004B0BDE8F09F4FF0FF30F9E72C
:109D500070B503460D460024002B0DD0B5B1234A43
:109D6000506BE8B1502072B680F31188BFF34F8F6B
:109D7000BFF36F8F62B6FEE7502072B680F3118892
:109D8000BFF34F8FBFF36F8F62B6FEE7502072B6FE
:109D900080F31188BFF34F8FBFF36F8F62B6FEE77A
:109DA000FFF7F0FED26818684119904205D9884241
:109DB00008D9914206D9012404E0884201D8914291
:109DC00000D9012419601CB1881A0021FFF708FB93
:109DD00000F0BEF838B906494FF080500860BFF374
:109DE0004F8FBFF36F8F204670BD0000140000241A
:109DF00004ED00E005484169002903D0406B18B12B
:109E00000020704701207047022070471400002492
:109E10000148C06870470000140000242DE9F0419B
:109E20000025494E706B002805D0B069401CB06118
:109E30002846BDE8F081F468641CF460ACB9B06BEE
:109E4000006848B1502072B680F31188BFF34F8F7D
:109E5000BFF36F8F62B6FEE7B06BF16BB163F06377
:109E6000306A401C3062FFF763FCB06A374F8442AF
:109E70000FD34FF0000CB06B006838B1B06BC06806
:109E8000C1684868844212D2B06202E04FF0FF30ED
:109E9000B0623068C06A00EB800057F820000128EB
:109EA00000D90125F0690028C2D00125C0E74A6920
:109EB000D1E902309860D1E9020358600B1D506867
:109EC000984201D1C8685060C1F814C01068401EA3
:109ED00010608A6A9AB1D1E90780C8F80800D1E910
:109EE0000708C8F8040001F118085068404501D17E
:109EF000086A5060C1F828C01068401E1060C86A27
:109F00000122D6F81080824042EA0802326100EB5A
:109F1000800007EB800042688A609068C8609068A3
:109F200043609360C86A00EB800007EB80024A61DF
:109F300057F82020521C47F82020C86A3168C96AA7
:109F4000884298D9012596E714000024A80000242F
:109F50002DE9F0410024A046464D686B002807D04B
:109F6000FFF7D0FC686B401E6863686B50B17BE004
:109F7000502072B680F31188BFF34F8FBFF36F8FFD
:109F800062B6FEE7A86800286ED000273A4A01268C
:109F90004EE0D068C468A16AD4E907309860D4E97B
:109FA0000703586004F118004B68834201D1206A0E
:109FB0004860A7620868401E08606169D4E9023001
:109FC0009860D4E902035860201D4B68834201D198
:109FD000E3684B6067610B685B1E0B60E16AD5F854
:109FE00010C006FA01F343EA0C032B61224B01EB8C
:109FF0008101B43B03EB81014968A160D1F808C03D
:10A00000C4F80CC0D1F808C0CCF804008860E06A3D
:10A0100000EB800003EB8001616153F82010491CC4
:10A0200043F82010E06A2968C96A884200D3EE61CB
:10A0300010680028ADD10CB1FFF77AFBAC693CB1D8
:10A04000FFF7ECFE00B1EE61641E002CF8D1AF61A9
:10A05000E86948B14FF0010808494FF080500860A6
:10A06000BFF34F8FBFF36F8FFFF770FC4046BDE823
:10A07000F0810000140000245C01002404ED00E0E5
:10A0800010B500290AD00878002807D00548784480
:10A09000F6F74AFF002801D0002010BD024878449E
:10A0A00010BD0000220100001A0100004FF04070B6
:10A0B000E1EE100A7047F6F777BC000610160006AE
:10A0C0001016010002000400060008000A000C003F
:10A0D0001000200040008000000101010103070181
:10A0E0000000080402040801010100000000010250
:10A0F00003040102030406070809000002400000EF
:10A10000000000A00000000005400000000000C8A2
:10A11000000000000C4000000000409C0000000017
:10A12000194000000020BCBE0000000034400000C8
:10A13000BFC91B8E00000004B5400000504BCFD0BB
:10A140006607E2CF010000006C4100003E8251AA88
:10A15000DFEEA73401000000D9420000DCB5A0E228
:10A160003A301F97FFFFFFFFB4450000FD25A0C850
:10A17000E9A3C14FFFFFFFFFFF3F00000000008089
:10A1800000000000FF3F0000000000800000000011
:10A19000CCA1000800000024A8000000D4020008A0
:10A1A00074A20008A8000024505F0000F00200081C
:10A1B0001C00000043000000F8FFFFFF0C0000003F
:10A1C0000E0000000F0000002E0000000000000044
:10A1D00010000000010000000090D0030090D003A8
:10A1E000000000000000000000000000000000006F
:10A1F000000000000000000000000000000000005F
:10A20000000000000000000000000000000000004E
:10A210000600000000000000000000000000000038
:10A22000000000000000000000000000000000002E
:10A23000000000000000000000000000000000001E
:10A24000AAAAAAAA00000000000000000000000066
:10A2500000000000090009000000000000000000EC
:10A2600000000000000000000000000000000000EE
:04A2700000000000EA
:040000050800029954
:00000001FF
